sku,shopify_collection,enriched_title,variant_1_name,variant_1_value,variant_2_name,variant_2_value,enrichment_comments
320-130-001,,6.0MM OSTEOTOME,,,,,[INFERRED]
160-120-002,,1557 REGULAR LENGTH BUR,,,,,[MATCH]
160-140-001,,11MM ABUTMENT CUTTING BURS,,,,,[MATCH]
160-120-001,,1557 LATCH TYPE BUR,,,,,[MATCH]
260-150-007,,4.0MM LATCH REAMER,,,,,[INFERRED]
260-150-010,,4.5MM LATCH REAMER,,,,,[INFERRED]
260-150-012,,5.0MM LATCH REAMER,,,,,[INFERRED]
260-150-016,,5.5MM LATCH REAMER,,,,,[INFERRED]
260-150-005,,3.5MM LATCH REAMER,,,,,[INFERRED]
260-150-001,,2.5MM LATCH REAMER,,,,,[INFERRED]
260-150-004,,3.0MM LATCH REAMER,,,,,[INFERRED]
260-150-018,,6.0MM LATCH REAMER,,,,,[INFERRED]
260-150-002,,3.0MM EXTENDED LATCH REAMER,,,,,[INFERRED]
520-210-004,,DURALAY P&S 20z RED,,,,,[INFERRED]
520-210-005,,DURALAY PIN,,,,,[INFERRED]
380-120-001,,SNAP LIQUID (MONOMER),,,,,[INFERRED]
380-120-003,,SNAP POWDER SHADE 61,,,,,[INFERRED]
380-120-004,,SNAP POWDER SHADE 62,,,,,[INFERRED]
380-120-005,,SNAP POWDER SHADE 65,,,,,[INFERRED]
380-120-006,,SNAP POWDER SHADE 69,,,,,[INFERRED]
100-150-001,,ASPIRATING SYRINGE-UNODENT,,,,,[INFERRED]
100-140-001,,DENTAL NEEDLES-MONOJECT-LONG,,,,,[INFERRED]
100-140-003,,DENTAL NEEDLES-MONOJECT-X-SHOR,,,,,[INFERRED]
100-140-004,,NEEDLE GARD II AUTOCLAVABLE,,,,,[INFERRED]
100-140-002,,DENTAL NEEDLES-MONOJECT-SHOR,,,,,[INFERRED]
480-120-005,,TOPICAL GEL (BUBBLE GUM)- PEAR,,,,,[INFERRED]
480-120-009,,TOPICAL GEL (PINA COLADA)- PEA,,,,,[INFERRED]
480-120-013,,TOPICAL GEL-CHERRY-PAC DENT,,,,,[INFERRED]
100-150-004,,LIGMAJECT II METAL BARREL,,,,,[INFERRED]
100-130-002,,LIGNOSPAN 2% RED 1:100,,,,,[INFERRED]
480-120-011,,TOPICAL GEL( RASPBERRY) PEARSO,,,,,[INFERRED]
480-120-012,,TOPICAL GEL( STRAWBERRY) PEARS,,,,,[INFERRED]
480-120-006,,FLUORIDE GEL CHERRY (GELATO),,,,,[INFERRED]
480-120-007,,FLUORIDE GEL S. BERRY (GELATO),,,,,[INFERRED]
480-120-008,,TOPICAL GEL (CHERRY) PEARSON,,,,,[INFERRED]
100-140-006,,TRANSCOJECT NEEDLES 25G SHORT,,,,,[INFERRED]
100-150-003,,DEPH SYRINGE CARTRIDGE ASPIRAT,,,,,[INFERRED]
520-120-001,,ARTICULATING PAPER - HANEL,,,,,[INFERRED]
280-130-003,,ARTICULATOR WITH MAGNETIC PLAT,,,,,[INFERRED]
280-130-001,,APEX#2 ARTICULATOR CHROME G075,,,,,[INFERRED]
140-110-004,,SYNTHOGRAFT 1.0G (500-1000),,,,,[INFERRED]
140-120-001,,15 x 20mm RESORBABLE MEMBRANE,,,,,[INFERRED]
140-120-002,,20 x 30mm RESORBABLE MEMBRANE,,,,,[INFERRED]
140-110-001,,BIO-OSS - 0.5GM,,,,,[INFERRED]
140-110-002,,ETHOSS 0.5CC SYNTHETIC BONE,,,,,[INFERRED]
140-110-003,,ETHOSS 1CC SYNTHETIC BONE,,,,,[INFERRED]
160-110-004,,BUR CLEANING BRUSH - METAL,,,,,[MATCH]
160-110-005,,BUR DISINFECTING BOX,,,,,[MATCH]
160-110-006,,BUR HOLDER METAL MESH,,,,,[MATCH]
160-110-003,,BUR CLEANER - PULIMANT,,,,,[MATCH]
160-110-001,,BUR BLOCK - LARGE - ROUND-BLUE,,,,,[MATCH]
160-110-002,,BUR BLOCK - LID - ROUND-BLUE,,,,,[MATCH]
580-150-001,,CLIP CLAP (KLIPP-KLAPP),,,,,[INFERRED]
160-120-004,,BURS - CARBIDE FG 558,,,,,[MATCH]
160-120-005,,BURS - CARBIDE FG GW2,,,,,[MATCH]
160-140-003,,BURS - SSW RA-3 - SLOW ROUND,,,,,[MATCH]
160-140-004,,BURS - SSW RA-5 - SLOW ROUND,,,,,[MATCH]
160-140-005,,BURS - SSW RA-8 - SLOW ROUND,,,,,[MATCH]
160-120-006,,BURS - CARBIDE HP8,,,,,[MATCH]
160-120-008,,SSW FG BURS #1557,,,,,[MATCH]
160-130-006,,HI-DI DIAMOND BUR FG 650 XF,,,,,[MATCH]
160-130-007,,HI-DI DIAMOND BUR FG 675 EXTRA,,,,,[MATCH]
160-130-005,,H/KULZER DIAMOND BUR FG 646SF,,,,,[MATCH]
160-130-003,,EDENTA F.G DIAMOND 830/014 CRS,,,,,[INFERRED]
160-130-004,,EDENTA F.G DIAMOND 835/014 CRS,,,,,[INFERRED]
160-120-015,,DIATECH FG 859-314-010-10-F,,,,,[INFERRED]
160-120-010,,DIATECH FG 368-314-023-5-F,,,,,[INFERRED]
160-120-012,,DIATECH FG 835-314-010-4-ML,,,,,[INFERRED]
160-120-013,,DIATECH FG 835-314-014-4-ML,,,,,[INFERRED]
160-120-011,,DIATECH FG 830-314-012-2.7-ML,,,,,[INFERRED]
160-120-016,,DIATECH FG 859-314-010-10UF,,,,,[INFERRED]
160-120-009,,DIATECH FG 368-314-020-5-XF,,,,,[INFERRED]
160-120-014,,DIATECH FG 850-314-016-10-ML,,,,,[INFERRED]
160-140-006,,BURS - SURGICAL CARBIDE FG957,,,,,[MATCH]
160-120-022,,STERILE SURGERY HP #8 51MM,,,,,[INFERRED]
160-140-002,,BURS - CARBIDE HP2 (SURGICAL),,,,,[MATCH]
160-120-020,,STERILE SURGERY HP #702 51MM,,,,,[INFERRED]
160-120-021,,STERILE SURGERY HP #703 51MM,,,,,[INFERRED]
160-120-017,,TRI HAWK BURS TALON 12,,,,,[MATCH]
160-150-012,,BURS-TWO STRIPER - 514.4C,,,,,[MATCH]
160-150-013,,BURS-TWO STRIPER - 515.5C,,,,,[MATCH]
160-150-014,,BURS-TWO STRIPER - 520.4C,,,,,[MATCH]
160-150-015,,BURS-TWO STRIPER - 558,,,,,[MATCH]
160-150-016,,BURS-TWO STRIPER - 701,,,,,[MATCH]
160-150-017,,BURS-TWO STRIPER - 724.8C,,,,,[MATCH]
160-150-021,,BURS-TWO STRIPER - 780.9C,,,,,[MATCH]
160-150-022,,BURS-TWO STRIPER - 784.10C,,,,,[MATCH]
160-150-023,,BURS-TWO STRIPER - 790.8C,,,,,[MATCH]
160-150-024,,BURS-TWO STRIPER - L1250,,,,,[MATCH]
160-150-009,,BURS-TWO STRIPER - 283.4C,,,,,[MATCH]
160-150-019,,BURS-TWO STRIPER - 770.8C,,,,,[MATCH]
160-150-018,,BURS-TWO STRIPER - 770.10C,,,,,[MATCH]
160-150-020,,BURS-TWO STRIPER - 770.9C,,,,,[MATCH]
160-150-010,,BURS-TWO STRIPER - 315.1.75C,,,,,[MATCH]
160-150-011,,BURS-TWO STRIPER - 320.2C,,,,,[MATCH]
160-150-007,,BURS- TWO STRIPER - 703.8C,,,,,[MATCH]
160-150-006,,BUR- TWO STRIPER 770.10C (DD),,,,,[MATCH]
160-150-001,,BUR TWO STRIPER 770.10F(DD),,,,,[MATCH]
160-150-004,,BUR TWO STRIPER L514.4C (DD),,,,,[MATCH]
160-150-005,,BUR TWO STRIPER L770.8C (DD),,,,,[MATCH]
160-150-002,,BUR TWO STRIPER 780.9C (DD),,,,,[MATCH]
160-150-003,,BUR TWO STRIPER 799.11C (DD),,,,,[MATCH]
280-140-022,,25 MICRON FILTER ELEMENT,,,,,[INFERRED]
280-110-009,,CASTELLINI BOTTEL CONNECTOR GASKET,,,,,[INFERRED]
280-110-013,,CASTELLINI FIBRE OPTIC BULB-1P,,,,,[INFERRED]
280-110-015,,CASTELLINI FIBRE OPTIC BULB-2P,,,,,[INFERRED]
280-110-011,,CASTELLINI FIBRE OPTIC BULB,,,,,[INFERRED]
280-110-048,,POLYLIGHT LAMP 8V-50W-FR300A07,,,,,[INFERRED]
280-110-066,,SUCTION HOSE D 17-FL0001302,,,,,[INFERRED]
380-110-025,,SCREEN-PRINTED AUTOCLAVEABLE BOTTLE (CASTELLINI),,,,,[INFERRED]
280-110-065,,SUCTION HOSE D 11-FL0001314,,,,,[INFERRED]
560-120-021,,SPARE ROTOR PB FL0001370,,,,,[INFERRED]
280-110-047,,PICOSOLMICROSOL INTERFACE CAB,,,,,[INFERRED]
280-170-002,,NEGATOSCOPE LAMP,,,,,[INFERRED]
280-120-010,,HANDPIECE CONNECTOR 4-WAY GASK,,,,,[INFERRED]
280-110-001,,12V 75W LIGHT BULB,,,,,[INFERRED]
280-110-021,,DISTRIBUTOR SOLENOID VALVE 99,,,,,[INFERRED]
280-110-038,,LAMP BULB 95W 17V,,,,,[INFERRED]
280-110-060,,SHS 1LT.TANK GROUP OCHRE,,,,,[INFERRED]
280-110-074,,2 STAINLESS STEEL PIECE 242J10,,,,,[INFERRED]
280-110-014,,ASPIRATOR-SALIVA EJECTOR BOARD,,,,,[INFERRED]
280-110-072,,BISTABLE CONTROL PC-BOARD,,,,,[INFERRED]
280-110-025,,ELECTRODE TYPE E (FE6001042),,,,,[INFERRED]
280-120-007,,CATTANI ART.16 ADAPTER,,,,,[INFERRED]
280-110-055,,SECTIONAL NOZZLE (95520263),,,,,[INFERRED]
140-120-003,,30PCS MEMBRANE FOR EV DIST.,,,,,[INFERRED]
300-130-001,,SEAT 12152 PEARLY YELLOW,,,,,[INFERRED]
280-110-029,,FRONT CUP-BLACK-686A0100,,,,,[INFERRED]
280-110-033,,HEADREST 12152 PEARLY YELLOW,,,,,[INFERRED]
280-110-016,,BACKREST 12152 PEARLY YELLOW,,,,,[INFERRED]
280-110-054,,SECT.TUBING L1400.SURGYC.MM'15,,,,,[INFERRED]
280-110-030,,FRONT CUP-GREY-686C0190,,,,,[INFERRED]
280-110-043,,O RING 3181-GUARNIZIONE,,,,,[INFERRED]
280-150-003,,IMPLANTOR 2 & 2L CIRCUIT BOARD,,,,,[INFERRED]
580-120-003,,IMPLANTOR L STERIL (F65200000),,,,,[INFERRED]
280-110-035,,INFRARED PHOTO DETECTOR,,,,,[INFERRED]
280-110-044,,"OR 1,78 X 37, 82 EPDM705H BLAC",,,,,[INFERRED]
280-110-026,,ELECTRODE TYPE H (FE6001049),,,,,[INFERRED]
280-110-059,,SHS 1LT.TANK GROUP (97466307),,,,,[INFERRED]
280-110-042,,O RING 127-M5800127,,,,,[INFERRED]
280-110-046,,PICOSOL COIL + SCREWS-H4100049,,,,,[INFERRED]
280-120-017,,PIEZOSTERIL 5 HANDPIECE-68C000,,,,,[INFERRED]
280-120-021,,WRENCH FOR REMOVAL OF MICRO PB,,,,,[INFERRED]
280-120-023,,WRENCH FOR REMOVAL OF STD HP,,,,,[INFERRED]
280-150-009,,X-RAY PC-BOARD X-70/S-E6000145,,,,,[INFERRED]
280-150-010,,X-RAY PLATE PART PC-BOARD,,,,,[INFERRED]
280-140-023,,25 MICRON FILTER W/FILTER CAP,,,,,[INFERRED]
280-140-024,,50 MICRON FILTER W/FILTER CAP,,,,,[INFERRED]
280-110-051,,PROPORTIONAL VALVE-F301R20P0,,,,,[INFERRED]
520-150-004,,FUJI I LUTING CEMENT,,,,,[INFERRED]
520-150-007,,TEMP BOND,,,,,[INFERRED]
520-150-006,,IRM CEMENT- DENTSPLY,,,,,[INFERRED]
520-150-003,,DYCAL STD PK IVORY DENTSPLY,,,,,[INFERRED]
520-160-015,,LUMINOS UN SYRINGE A1,,,,,[INFERRED]
520-160-016,,LUMINOS UN SYRINGE A3,,,,,[INFERRED]
520-160-017,,LUMINOS UN SYRINGE A3.5,,,,,[INFERRED]
520-160-014,,LUMINOS HF FLOW SYRINGE A1,,,,,[INFERRED]
520-160-013,,COMPOSITE SYRINGE 20 UNIT,,,,,[INFERRED]
200-200-016,,PROCEDURE TUB - MAUVE,,,,,[INFERRED]
340-110-027,,SAFE-LOK COVER FOR TUB,,,,,[INFERRED]
520-160-002,,BRILL. NG ENAMEL A1/B1 4G,,,,,[INFERRED]
520-160-003,,BRILL. NG ENAMEL A3.5/B3 4G,,,,,[INFERRED]
520-160-004,,BRILL. NG ENAMEL A3/D3 4G,,,,,[INFERRED]
520-160-005,,BRILL. NG ENAMEL TRANSP. 4G,,,,,[INFERRED]
520-160-025,,UNOLUX BCS COMPOSITE A3,,,,,[INFERRED]
520-160-009,,BRILL.FLOW NG ENAMEL A1/B1 2.3G,,,,,[INFERRED]
520-160-006,,BRILL.FLOW A2/B2 2.3G,,,,,[INFERRED]
520-160-007,,BRILL.FLOW A3.5/B3 2.3G,,,,,[INFERRED]
520-160-026,,UNOLUX BCS FLOW COMP A2,,,,,[INFERRED]
520-160-023,,UNOLUX BCS COMPOSITE A1,,,,,[INFERRED]
520-160-024,,UNOLUX BCS COMPOSITE A2,,,,,[INFERRED]
520-160-011,,BRILL.NG ENAMEL C2/C3 4G,,,,,[INFERRED]
520-160-010,,BRILL.NG ENAMEL A2/B2 4G,,,,,[INFERRED]
260-200-004,,MICRO APPLICATOR TIPS,,,,,[INFERRED]
280-170-003,,OPTIGUARD REFILL,,,,,[INFERRED]
200-110-025,,EVA BAGS,,,,,[INFERRED]
520-140-003,,ONE COAT 7.0 REF,,,,,[INFERRED]
520-140-004,,UNI. BOND INTRO KIT TOKUYAMA,,,,,[INFERRED]
520-160-029,,TOKUYAMA PLASTIC DISPENS. TIPS,,,,,[INFERRED]
180-120-001,,NITE WHITE ACP 22%,,,,,[INFERRED]
180-130-001,,ZOOM KIT (for 2 Patients),,,,,[INFERRED]
180-130-002,,ZOOM KIT (for 2 patients) with TOUCH-UP,,,,,[INFERRED]
180-110-001,,ZOOM PROTECTIVE EYEWEAR,,,,,[INFERRED]
180-110-002,,ZOOM ADVANCE POWER LAMP-W/S,,,,,[INFERRED]
520-190-015,,CROWN FORMS ANTERIOR SET-TDV,,,,,[INFERRED]
520-190-016,,CROWN FORMS POSTERIOR SET-TDV,,,,,[INFERRED]
340-140-001,,IWANSON CALIPER,,,,,[INFERRED]
520-190-014,,CROWN FORM REFILL-PELLA #171,,,,,[INFERRED]
520-190-009,,CROWN FORM REFILL #2 L&R,,,,,[INFERRED]
520-190-013,,CROWN FORM REFILL #5 L&R,,,,,[INFERRED]
520-190-011,,CROWN FORM REFILL #23 L&R,,,,,[INFERRED]
520-190-012,,CROWN FORM REFILL #33 L&R,,,,,[INFERRED]
520-190-010,,CROWN FORM REFILL #203 L&R,,,,,[INFERRED]
520-190-029,,RETRACTION CORD - STAY PUT 0 X,,,,,[INFERRED]
520-190-030,,RETRACTION CORD - STAY PUT 1,,,,,[INFERRED]
520-190-031,,RETRACTION CORD - STAY PUT 2,,,,,[INFERRED]
520-190-032,,RETRACTION CORD - STAY PUT 3,,,,,[INFERRED]
520-190-003,,CROWN FORM REFILL #1 L&R,,,,,[INFERRED]
520-190-005,,CROWN FORM REFILL #11 L&R,,,,,[INFERRED]
520-190-001,,CROWN FORM REFIL #111 L&R,,,,,[INFERRED]
520-190-007,,CROWN FORM REFILL #161 L&R,,,,,[INFERRED]
200-190-002,,CROSSTEX BIBS - BLUE,,,,,[INFERRED]
200-190-003,,CROSSTEX BIBS - LAVENDER,,,,,[INFERRED]
200-190-004,,CROSSTEX BIBS - PEACH 500PK,,,,,[INFERRED]
200-190-005,,CROSSTEX BIBS - YELLOW 500PK,,,,,[INFERRED]
200-190-010,,PLASDENT BIBS 2-PLY PINK,,,,,[INFERRED]
200-190-011,,PLASDENT BIBS 2-PLY YELLOW,,,,,[INFERRED]
200-190-007,,PLASDENT BIBS 2-PLY GREEN,,,,,[INFERRED]
200-170-020,,UNODENT NITRISOFT NITRILE EXAMINATION GLOVES BLUE SMALL (200 PK),,,,,[INFERRED]
200-170-019,,UNODENT LATEX GLOVES SMALL,,,,,[INFERRED]
200-170-003,,BRIGHTWAY POWDER-FREE NITRILE,,,,,[INFERRED]
200-170-004,,GLOVES NITRILE UTILITY - SIZE7,,,,,[INFERRED]
200-170-015,,UNBEATABLE NITRILE GLOVES- L,,,,,[INFERRED]
200-170-013,,MEDITRADE GENTLE SKIN COMPACT + LATEX GLOVES POWDER FREE SMALL (100/BOX),,,,,[INFERRED]
200-170-012,,MEDITRADE GENTLE SKIN COMPACT + LATEX GLOVES POWDER FREE MEDIUM (100/BOX),,,,,[INFERRED]
200-170-010,,MEDITRADE GENTLE SKIN COMPACT + LATEX GLOVES POWDER FREE LARGE (100/BOX),,,,,[INFERRED]
200-170-016,,UNICARE NITRILE WHITE (MEDIUM),,,,,[INFERRED]
200-170-005,,GLOVES NITRILE UTILITY - SIZE8,,,,,[INFERRED]
200-170-006,,GLOVES NITRILE UTILITY - SIZE9,,,,,[INFERRED]
200-170-009,,GLOVES-LARGE-BLOSSOM/POWDER FREE,,,,,[INFERRED]
200-170-008,,GLOVES NITRILE UTILITY -SIZE10,,,,,[INFERRED]
360-110-001,,CAN LINER - LARGE,,,,,[INFERRED]
360-110-003,,CAN LINER -SMALL,,,,,[INFERRED]
200-120-001,,COTTON ROLL -ROEKO,,,,,[INFERRED]
200-200-001,,DISPO TRAY LINERS (50PK),,,,,[INFERRED]
200-200-006,,N'SURE PLASTIC CUP LAVENDER,,,,,[INFERRED]
200-200-009,,N'SURE TRAY COVER YELLOW(1000),,,,,[INFERRED]
200-200-008,,N'SURE TRAY COVER GREEN (1000),,,,,[INFERRED]
200-200-007,,N'SURE PLASTIC CUP PINK (1000),,,,,[INFERRED]
200-120-004,,COTTON ROLL DISPENSER- WHITE,,,,,[INFERRED]
200-120-002,,COTTON ROLL DISP.PULL WHITE,,,,,[INFERRED]
200-120-003,,COTTON ROLL DISP.PUSH BIEGE,,,,,[INFERRED]
200-120-005,,SPONGE DISPENSER 2 X 2 MAUVE,,,,,[INFERRED]
200-200-023,,VIVID DURACUP 5oz. YELLOW (100,,,,,[INFERRED]
200-160-001,,EXODONTIA SPONGE (GUAZE),,,,,[INFERRED]
360-130-003,,HAND TOWEL (C FOLD),,,,,[INFERRED]
360-130-004,,HAND TOWEL DISPENSER,,,,,[INFERRED]
200-180-001,,MIXING PAD 3.5X4.5CM,,,,,[INFERRED]
200-180-003,,MIXING PAD 7X9.5CM,,,,,[INFERRED]
200-200-017,,TRAY COVERS - WHITE,,,,,[INFERRED]
200-200-013,,PLASTIC CUP DISPENSER,,,,,[INFERRED]
200-200-010,,N'SURE TRAY COVERS BLUE (1000),,,,,[INFERRED]
200-200-012,,N'SURE TRAY COVERS PINK (1000),,,,,[INFERRED]
200-200-011,,N'SURE TRAY COVERS LAVENDER,,,,,[INFERRED]
360-110-002,,CAN LINER - LARGE (YELLOW),,,,,[INFERRED]
200-200-002,,DISPOSABLE CUPS LIGHT BLUE (UN,,,,,[INFERRED]
200-200-003,,DISPOSABLE CUPS LILAC (UNODENT,,,,,[INFERRED]
360-110-004,,CAN LINER LARGE (RED),,,,,[INFERRED]
200-180-002,,MIXING PAD 7 X 8CM (100PK) H/S,,,,,[INFERRED]
460-120-002,,DALACIN C,,,,,[INFERRED]
460-110-002,,RELEV RAPID 550mg TABLETS,,,,,[INFERRED]
460-110-001,,CATAFLAM X 100 (BIG PACK),,,,,[INFERRED]
200-170-007,,SIZE 9,,,,,[INFERRED]
120-120-022,,SUNVILLE MEN'S PERFORATED SIZE,,,,,[INFERRED]
400-140-001,,BROCHURE STAND - CLEAR PLASTIC,,,,,[INFERRED]
400-120-001,,BROCHURE - DENTAL IMPLANTS-NEW,,,,,[INFERRED]
400-120-002,,BROCHURE - WHITENING NEW,,,,,[INFERRED]
400-120-004,,PATIENT TEASERS (25),,,,,[INFERRED]
400-120-003,,PATIENT BROCHURES,,,,,[INFERRED]
260-190-001,,AH PLUS,,,,,[INFERRED]
260-110-001,,Barbed Broaches Assorted,,,,,[INFERRED]
260-110-003,,Barbed Broaches Size 1 (XXXF) White,,,,,[INFERRED]
260-110-004,,Barbed Broaches Size 2 (XXF) Yellow,,,,,[INFERRED]
260-170-002,,CANAL LUBRICANT PIPETTES,,,,,[INFERRED]
100-150-002,,CURVED UTILITY SYRINGE,,,,,[INFERRED]
160-120-018,,ENDO - Z CARBIDE BUR (3PK),,,,,[MATCH]
260-140-001,,ENDO STOPS (ASSORTED),,,,,[INFERRED]
260-140-002,,ENDO STOPS (BLACK),,,,,[INFERRED]
260-140-003,,ENDO STOPS (BLUE),,,,,[INFERRED]
260-140-004,,ENDO STOPS (RED),,,,,[INFERRED]
260-140-005,,ENDO STOPS (WHITE),,,,,[INFERRED]
260-120-001,,ENDODONTIC SYRINGES-MONOJECT,,,,,[INFERRED]
260-150-009,,GATES GLIDDEN DRILLS(1-6) 32MM,,,,,[INFERRED]
260-150-036,,K-TYPE HAND FILES PD - #20,,,,,[INFERRED]
260-150-037,,K-TYPE HAND FILES PD - #25,,,,,[INFERRED]
260-150-038,,K-TYPE HAND FILES PD - #30,,,,,[INFERRED]
260-150-039,,K-TYPE HAND FILES PD - #35,,,,,[INFERRED]
260-210-002,,LATERAL SPREADER #25,,,,,[INFERRED]
260-210-004,,LATERAL SPREADER #30,,,,,[INFERRED]
540-120-002,,LENTULOSPIRAL #1-4 25MM,,,,,[INFERRED]
540-120-001,,LENTULOSPIRAL #1 25MM,,,,,[INFERRED]
540-120-003,,LENTULOSPIRAL #2 25MM,,,,,[INFERRED]
540-120-004,,LENTULOSPIRAL #3 25MM,,,,,[INFERRED]
540-120-005,,LENTULOSPIRAL #4 25MM,,,,,[INFERRED]
260-180-001,,PAPER POINT SIZE 20,,,,,[INFERRED]
260-180-002,,PAPER POINT SIZE 25,,,,,[INFERRED]
260-180-003,,PAPER POINT SIZE 30,,,,,[INFERRED]
260-180-004,,PAPER POINT SIZE 35,,,,,[INFERRED]
260-180-005,,PAPER POINT SIZE 40,,,,,[INFERRED]
540-130-001,,PASTE FILLERS RA 25MM #30,,,,,[INFERRED]
540-130-002,,PASTE FILLERS RA 25MM #35,,,,,[INFERRED]
540-140-001,,PEESO REAMERS SIZE1- DENTSPLY,,,,,[INFERRED]
540-140-002,,PEESO REAMERS SIZE2- DENTSPLY,,,,,[INFERRED]
540-140-003,,PEESO REAMERS SIZE3-DENTSPLY,,,,,[INFERRED]
540-140-004,,PEESO REAMERS SIZE4 -PD,,,,,[INFERRED]
540-140-005,,PEESO REAMERS SIZE5 -PD,,,,,[INFERRED]
540-140-006,,PEESO REAMERS SIZE6 -PD,,,,,[INFERRED]
260-150-035,,K-FLEX FILES 40-70-25MM,,,,,[INFERRED]
260-180-006,,PAPER POINT SIZE 45-80,,,,,[INFERRED]
260-110-002,,Barbed Broaches Size 0 (XXXXF) Purple,,,,,[INFERRED]
260-110-005,,Barbed Broaches Size 3 (XF) Red,,,,,[INFERRED]
260-110-006,,Barbed Broaches Size 4 (F) Blue,,,,,[INFERRED]
260-110-007,,Barbed Broaches Size 5 (M) Green,,,,,[INFERRED]
260-110-008,,Barbed Broaches Size 6 (ST) Black,,,,,[INFERRED]
260-150-043,,SPIRO COLORINOX SIZE 035 21MM,,,,,[INFERRED]
260-150-006,,GATES GLIDDEN DRILLS NO.4,,,,,[INFERRED]
260-150-008,,GATES GLIDDEN DRILLS NO.5,,,,,[INFERRED]
160-120-019,,ENDO - Z CARBIDE BUR (5PK),,,,,[MATCH]
340-140-002,,RULER ENDODONTIC (6170),,,,,[INFERRED]
260-160-004,,GUTTA PERCHA POINTS COLOR 15,,,,,[INFERRED]
260-160-005,,GUTTA PERCHA POINTS COLOR 20,,,,,[INFERRED]
260-160-006,,GUTTA PERCHA POINTS COLOR 25,,,,,[INFERRED]
260-160-003,,GUTTA PERCHA POINT COLOR 45-80,,,,,[INFERRED]
260-160-001,,GUTTA PERCHA POINT COLOR 30,,,,,[INFERRED]
260-160-002,,GUTTA PERCHA POINT COLOR 40,,,,,[INFERRED]
260-160-007,,GUTTA PERCHA POINTS COLOR 35,,,,,[INFERRED]
260-150-014,,HYFLEX  X-FILES #20,,,,,[INFERRED]
260-150-017,,HYFLEX  X-FILES #25,,,,,[INFERRED]
260-150-020,,HYFLEX  X-FILES #30,,,,,[INFERRED]
260-150-022,,HYFLEX  X-FILES #35,,,,,[INFERRED]
260-150-024,,HYFLEX  X-FILES #40,,,,,[INFERRED]
260-150-011,,HYFL. X FILE 25MM SIZE 25,,,,,[INFERRED]
260-150-019,,K-FILE READYSTEEL 25MM 006,,,,,[INFERRED]
260-150-023,,K-FILE READYSTEEL 25MM 010,,,,,[INFERRED]
260-150-021,,K-FILE READYSTEEL 25MM 008,,,,,[INFERRED]
260-150-025,,K-FILE READYSTEEL 25MM 015,,,,,[INFERRED]
260-150-026,,K-FILE READYSTEEL 25MM 020,,,,,[INFERRED]
260-150-028,,K-FILE READYSTEEL 25MM 030,,,,,[INFERRED]
260-150-029,,K-FILE READYSTEEL 25MM 035,,,,,[INFERRED]
260-150-033,,K-FILE READYSTEEL 31MM 15-40,,,,,[INFERRED]
260-150-034,,K-FILE READYSTEEL 31MM 45-80,,,,,[INFERRED]
260-150-027,,K-FILE READYSTEEL 25MM 025,,,,,[INFERRED]
260-150-031,,K-FILE READYSTEEL 25MM 40,,,,,[INFERRED]
260-150-013,,K-FILE READYSTEEL 21MM 15-40,,,,,[INFERRED]
260-150-015,,K-FILE READYSTEEL 21MM 45-80,,,,,[INFERRED]
260-150-032,,K-FILE READYSTEEL 25MM 45-80,,,,,[INFERRED]
260-150-030,,K-FILE READYSTEEL 25MM 15-40,,,,,[INFERRED]
540-110-001,,PROTAPER H-U 19MM/SX,,,,,[INFERRED]
540-110-003,,PROTAPER H-U 21MM/S1,,,,,[INFERRED]
540-110-004,,PROTAPER H-U 21MM/S2,,,,,[INFERRED]
540-110-007,,PROTAPER H-U 25MM/S1,,,,,[INFERRED]
540-110-008,,PROTAPER H-U 25MM/S2,,,,,[INFERRED]
540-110-002,,PROTAPER H-U 21MM/F1,,,,,[INFERRED]
540-110-005,,PROTAPER H-U 25MM/F1,,,,,[INFERRED]
540-110-006,,PROTAPER H-U 25MM/F2,,,,,[INFERRED]
260-150-040,,PTN ASS. X1-X3 3FILES 25MM,,,,,[INFERRED]
260-160-008,,GUTTA-PERCHA PROTAPER F1,,,,,[INFERRED]
260-160-009,,GUTTA-PERCHA PROTAPER F2,,,,,[INFERRED]
260-160-010,,GUTTA-PERCHA PROTAPER F3,,,,,[INFERRED]
260-180-007,,PROTAPER GOLD PAPER POINT F2,,,,,[INFERRED]
260-180-008,,PROTAPER GOLD PAPER POINTS F3,,,,,[INFERRED]
540-110-009,,WAVEONE GOLD ASSORTED 4-FILE,,,,,[INFERRED]
260-160-011,,WAVEONE GOLDCONFORM FIT GUTTA,,,,,[INFERRED]
280-110-002,,BULB - DENTAL UNIT 12V - 50W,,,,,[INFERRED]
280-110-004,,BULB CASTELLINI DENTAL UNIT,,,,,[INFERRED]
280-120-004,,BULB LIGHT CURE UNIT 10V-52W,,,,,[INFERRED]
280-180-001,,BULBS FOR EYE LOUPES 15V-150W,,,,,[INFERRED]
280-110-032,,HALOGEN LAMP BULB 12V-75W,,,,,[INFERRED]
580-120-005,,SES 2000 BENCH TOP AUTOCLAVE,,,,,[INFERRED]
280-120-002,,5 LED LIGHT HANDPIECE (FAST HAND PIECE),,,,,[INFERRED]
280-120-008,,DB-686 HELEN+CURING LIGHT,,,,,[INFERRED]
280-110-064,,SUCTION ADAPTER,,,,,[INFERRED]
580-120-002,,AUTOCLAVE SEALS,,,,,[INFERRED]
200-140-001,,EVACUATOR TIPS,,,,,[INFERRED]
200-140-012,,SALIVA EJECTORS - CLEAR UNO,,,,,[INFERRED]
200-140-007,,SURGICAL ASPIRATOR TIPS-WHITE,,,,,[INFERRED]
200-140-006,,SURGICAL ASPIRATOR TIPS-BLUE,,,,,[INFERRED]
200-140-009,,VIVID SURGICAL ASPIRATOR TIPS GREEN 1/4,,,,,[INFERRED]
520-170-007,,EPITEX FINISHING STRIP-COARSE,,,,,[INFERRED]
520-170-008,,EPITEX FINISHING STRIP-X FINE,,,,,[INFERRED]
520-170-004,,EPITEX FINISHING STRIP- FINE,,,,,[INFERRED]
520-170-005,,EPITEX FINISHING STRIP- MATRIX,,,,,[INFERRED]
520-170-006,,EPITEX FINISHING STRIP- MEDIUM,,,,,[INFERRED]
520-170-009,,EPITEX KIT,,,,,[INFERRED]
380-110-002,,ACRYPOL SILICONE POLISHER HP,,,,,[INFERRED]
280-120-012,,KAVO SPRAY,,,,,[INFERRED]
280-120-013,,KAVO SPRAY NOZZLE,,,,,[INFERRED]
280-120-001,,1:1 FIBER CONTRA ANGLE HAND PIECE (SLOW SPEED),,,,,[INFERRED]
280-120-009,,FIBER STRAIGHT HANDPIECE,,,,,[INFERRED]
280-120-019,,R25-CA 1:5CONTRA ANGLE HAND,,,,,[INFERRED]
280-120-024,,UNODENT HANDPIECE LUBRICANT,,,,,[INFERRED]
260-130-056,,"BA ULTIMATE POWER + BA755LK,",,,,,[INFERRED]
380-160-007,,ALGINATE-PLASTALGIN-REGULAR,,,,,[INFERRED]
380-160-021,,GENIE GREEN MIXING TIPS,,,,,[INFERRED]
380-110-037,,PRESIDENT IMPRESSION TRAY #1,,,,,[INFERRED]
380-110-038,,PRESIDENT IMPRESSION TRAY #2,,,,,[INFERRED]
380-110-047,,COLTENE I/ORAL TIPS (100PCS),,,,,[INFERRED]
380-110-039,,PRESIDENT IMPRESSION TRAY #3,,,,,[INFERRED]
380-160-001,,CHROMATIC ALGINATE MINT,,,,,[INFERRED]
380-110-024,,RUBBER MIXING BOWLS BLUE SMALL,,,,,[INFERRED]
380-110-023,,RUBBER MIXING BOWLS BLUE MEDIU,,,,,[INFERRED]
380-160-022,,MIXING TIPS (YELLOW) (UNODENT),,,,,[INFERRED]
200-140-013,,INTRA ORAL TIPS (YELLOW),,,,,[INFERRED]
380-110-040,,PRESIDENT IMPRESSION TRAY #4,,,,,[INFERRED]
380-160-003,,AFFINIS FAST PUTTY SOFT,,,,,[INFERRED]
380-160-005,,AFFINIS PUTTY SOFT,,,,,[INFERRED]
380-160-002,,AFFINIS FAST LIGHT BODY 2 X 50,,,,,[INFERRED]
380-160-004,,AFFINIS LIGHT BODY 2 X 50ML,,,,,[INFERRED]
380-160-006,,AFFINIS REGULAR BODY 2 X 50,,,,,[INFERRED]
520-130-002,,IMPRESSION TRAYS - LOWER 1,,,,,[INFERRED]
520-130-003,,IMPRESSION TRAYS - LOWER 2,,,,,[INFERRED]
200-140-004,,SPLASH INTRAORAL TIPS-WHITE,,,,,[INFERRED]
380-160-024,,SPLASH MIXING TIPS - GREEN,,,,,[INFERRED]
380-110-043,,TRIPLE TRAYS - ANTERIOR (PREM),,,,,[INFERRED]
380-110-044,,TRIPLE TRAYS- ASSORTED (PREMIE,,,,,[INFERRED]
380-110-031,,SULTAN DISPENSING GUN,,,,,[INFERRED]
200-140-005,,SULTAN INTRAORAL TIPS-YELLOW,,,,,[INFERRED]
480-120-004,,FLOURIDE TRAYS-SMALL,,,,,[INFERRED]
480-120-003,,FLOURIDE TRAYS-MEDIUM,,,,,[INFERRED]
380-110-014,,IMPRESSION APPLICATOR GUN,,,,,[INFERRED]
380-110-045,,TRIPLE TRAYS-SIDELESS POSTERIOR,,,,,[INFERRED]
480-120-002,,FLOURIDE TRAYS-LARGE,,,,,[INFERRED]
380-110-016,,KIT IMP-TRAY DISP. 24PCS,,,,,[INFERRED]
380-160-008,,IMPREP AC LITE BODY (UNODENT),,,,,[INFERRED]
380-110-046,,VIVID BITE TRAY ANTERIOR,,,,,[INFERRED]
380-110-041,,PRESIDENT IMPRESSION TRAY #5,,,,,[INFERRED]
380-110-042,,PRESIDENT IMPRESSION TRAY #6,,,,,[INFERRED]
380-160-009,,IMPREP AC WASH LIGHT BODY FAST,,,,,[INFERRED]
380-160-010,,IMPREP AC WASH REGULAR BODY,,,,,[INFERRED]
200-150-006,,FACE MASKS - COMFIT,,,,,[INFERRED]
200-220-001,,TONGUE BLADES SENIOR 6'' (100),,,,,[INFERRED]
200-220-002,,TONGUE DEPRESSOR JUNIOR 5.5(50,,,,,[INFERRED]
360-130-007,,STICKY WRAP DISPENSER,,,,,[INFERRED]
200-110-018,,HEADREST COVERS 9 1/2 X 11,,,,,[INFERRED]
360-120-006,,ORANGE SOLVENT (80Z),,,,,[INFERRED]
280-110-008,,750ML CLEAN WATER SYSTEM,,,,,[INFERRED]
520-140-002,,CURELASTIC LIGHT BARRIER 7-10M,,,,,[INFERRED]
200-110-002,,DISPOSA SHIELD NO. 2- 65090002,,,,,[INFERRED]
200-110-024,,DISPOSA SHIELD NO. 3- 65090003,,,,,[INFERRED]
200-110-023,,DISPOSA SHIELD NO. 4- 65090004,,,,,[INFERRED]
580-130-003,,STERI POUCHES 3.5 X 9 UNODENT,,,,,[INFERRED]
580-130-004,,STERI POUCHES 5.25 X 10,,,,,[INFERRED]
500-130-003,,N'SURE SENSOR COVER 8 X 1.5/8,,,,,[INFERRED]
500-130-002,,N'SURE SENSOR COVER 8 X 1.3/8,,,,,[INFERRED]
500-130-001,,N'SURE SENSOR COVER 2 1/2 X10,,,,,[INFERRED]
200-150-015,,VIVID 2 IN 1 COMBO FACE MASK,,,,,[INFERRED]
200-110-004,,OP-D-OP II VISOR - MINT GREEN,,,,,[INFERRED]
200-210-004,,HEAD NET,,,,,[INFERRED]
200-210-003,,HEAD COVERS 100PK (D NOTEC),,,,,[INFERRED]
200-110-003,,GOOGLES OFFICE PACK,,,,,[INFERRED]
200-110-017,,VIVID FIT SHIELD REPLACE,,,,,[INFERRED]
360-120-005,,SURGISCRUB 4L,,,,,[INFERRED]
200-210-001,,APRONS POLYTHENE 686  X 1066MM,,,,,[INFERRED]
200-210-002,,HEAD CAPS DISPOSABLE BLUE (20),,,,,[INFERRED]
200-210-009,,"VIVID TUFFCAP 21"" BLUE BOUFFANT CAP",,,,,[INFERRED]
200-150-020,,VIVID SUREMASK 3PLY EARLOOP,,,,,[INFERRED]
200-150-010,,N'SURE SAFEMARK L3 BLUE MASK,,,,,[INFERRED]
200-150-012,,N'SURE SAFEMARK L3 PINK MASK,,,,,[INFERRED]
200-150-011,,N'SURE SAFEMARK L3 LAVENDER,,,,,[INFERRED]
200-210-005,,"VIVID BOUFFANT CAPS 24"" BLUE",,,,,[INFERRED]
360-120-008,,VIVID DUALZYME TABLETS (64),,,,,[INFERRED]
200-110-005,,OP-D-OP VISOR W/3 SHIELDS BLUE,,,,,[INFERRED]
200-110-006,,OP-D-OP VISOR W/3 SHIELDS PEAC,,,,,[INFERRED]
200-110-022,,STICKY WRAP ECO-PACK BLUE,,,,,[INFERRED]
200-150-016,,VIVID DAILY MASK 3PLY BLUE L3,,,,,[INFERRED]
200-150-008,,N'SURE PATTERN MASK LEAF GREEN,,,,,[INFERRED]
200-150-017,,VIVID SMILEY MASK,,,,,[INFERRED]
200-110-007,,OP-D-OP VISOR W/3 SHIELDS VIOL,,,,,[INFERRED]
280-120-018,,SLEEVES HP (HIGH SPEED) WINNER,,,,,[INFERRED]
580-130-005,,STERI POUCHES 7.5 X 13 UNODENT,,,,,[INFERRED]
200-110-001,,BARRIER FILM DISPENSER,,,,,[INFERRED]
360-110-005,,SHARP COLLECT PHLEBOT 1QT. RED,,,,,[INFERRED]
580-130-013,,VIVID SANIPOUCH CLEAR 2 3/4 X 10 (200/PK),,,,,[INFERRED]
580-130-014,,VIVID SANIPOUCH CLEAR 3 1/2 X 10 POUCH (200/PK),,,,,[INFERRED]
280-120-020,,SLEEVES HP (LOW SPEED) WINNER,,,,,[INFERRED]
360-130-005,,SOAPLETS PUMP BOTTLES,,,,,[INFERRED]
580-130-006,,STERI POUCHES- 2.25X5 (N'SURE),,,,,[INFERRED]
200-110-020,,STERI SHIELD,,,,,[INFERRED]
580-110-001,,STERILEX ULTRA POWDER,,,,,[INFERRED]
360-130-008,,SURFLETS BOTTLE,,,,,[INFERRED]
360-130-001,,CLASSIC AUTOCLAV SURGEON BRUSH,,,,,[INFERRED]
200-110-019,,OMNIA HEADREST COVER WATERPROO,,,,,[INFERRED]
200-110-014,,SAFETY GLASSES CLEAR - BLUE,,,,,[INFERRED]
200-110-013,,SAFETY GLASSES CLEAR - BLACK,,,,,[INFERRED]
200-110-015,,SAFETY GLASSES CLEAR - YELLOW,,,,,[INFERRED]
580-130-007,,STERI POUCHES-PEELPRO 3.25X6.5,,,,,[INFERRED]
360-120-007,,UNODENT DISINFECTANT HAND GEL-,,,,,[INFERRED]
360-120-003,,HAND SANITIZERS,,,,,[INFERRED]
200-150-003,,BEESURE FLORAL FACE MASK HIBISCUS,,,,,[INFERRED]
200-150-005,,BEESURE FLORAL FACE MASK PLUME,,,,,[INFERRED]
200-150-004,,BEESURE FLORAL FACE MASK ORCHI,,,,,[INFERRED]
200-150-001,,BEESURE FLORAL FACE MASK DAISY,,,,,[INFERRED]
200-150-002,,BEESURE FLORAL FACE MASK FERN,,,,,[INFERRED]
200-150-014,,ULTIMATE EARLOOP MASK PINK,,,,,[INFERRED]
200-150-013,,ULTIMATE EARLOOP MASK LAVENDER,,,,,[INFERRED]
200-150-009,,N'SURE PATTERN MASK LEAFS BLUE,,,,,[INFERRED]
200-150-007,,N'SURE PATTERN MASK FLOWER BLUE (50/PK),,,,,[INFERRED]
200-150-018,,VIVID SUPREMEMASK BLUE (50),,,,,[INFERRED]
200-150-019,,VIVID SUPREMEMASK PINK (50),,,,,[INFERRED]
340-110-047,,COLOR CODE RINGS-MILTEX WHITE (SMALL),,,,,[INFERRED]
340-110-048,,COLOR CODE RINGS-PLASDENT BLUE (LARGE),,,,,[INFERRED]
340-110-049,,COLOR CODE RINGS-PLASDENT RED (LARGE),,,,,[INFERRED]
340-110-044,,COLOR CODE RING-PLASDENT WHITE (LARGE),,,,,[INFERRED]
340-110-045,,COLOR CODE RING-PLASDENT YELLOW (LARGE),,,,,[INFERRED]
340-110-046,,COLOR CODE RINGS-BLACK-SMALL (UNODENT),,,,,[INFERRED]
340-110-051,,COLOUR CODED RINGS RED (PEARSON),,,,,[INFERRED]
340-110-033,,CODE RINGS LARGE MAUVE PLD,,,,,[INFERRED]
340-110-036,,CODE RINGS SMAL MAUVE,,,,,[INFERRED]
340-110-052,,SILICONE CODE RING SMALL GREEN,,,,,[INFERRED]
340-110-054,,SILICONE CODE RING SMALL YELLO,,,,,[INFERRED]
340-110-034,,CODE RINGS ORANGE (PEARSON),,,,,[INFERRED]
340-110-037,,CODE RINGS SMALL ASST (120),,,,,[INFERRED]
340-110-031,,CODE RINGS LARGE ASST (120),,,,,[INFERRED]
340-110-053,,SILICONE CODE RING SMALL LT. B,,,,,[INFERRED]
340-110-055,,UNODENT LARGE CODE RING BLACK,,,,,[INFERRED]
340-110-030,,CODE RINGS GREY (SMALL) (50PK),,,,,[INFERRED]
340-110-057,,UNODENT LARGE CODE RINGS LIGHT BLUE,,,,,[INFERRED]
340-110-059,,UNODENT LARGE CODE RINGS WHITE,,,,,[INFERRED]
340-110-042,,CODE RINGS WHITE (SMALL) UNODENT,,,,,[INFERRED]
340-110-028,,CODE RINGS BLUE (SMALL) UNODENT,,,,,[INFERRED]
340-110-056,,UNODENT LARGE CODE RINGS GREEN,,,,,[INFERRED]
340-110-029,,CODE RINGS GREEN (SMALL) (50PK,,,,,[INFERRED]
340-110-035,,CODE RINGS RED (SMALL) (50PK),,,,,[INFERRED]
340-110-060,,UNODENT LARGE CODE RINGS YELLO,,,,,[INFERRED]
340-110-043,,CODE RINGS YELLOW (SMALL) UNODENT,,,,,[INFERRED]
340-110-063,,VIVID RING CODE SMALL YELLOW,,,,,[INFERRED]
340-110-061,,VIVID RING CODE SMALL DARK BLU,,,,,[INFERRED]
340-110-062,,VIVID RING CODE SMALL RED,,,,,[INFERRED]
340-110-038,,CODE RINGS SMALL BLUE (PLASDENT),,,,,[INFERRED]
340-110-041,,CODE RINGS SMALL YELLOW (PLASDENT),,,,,[INFERRED]
340-110-040,,CODE RINGS SMALL GREEN (PLASDENT),,,,,[INFERRED]
340-110-039,,CODE RINGS SMALL FLAME RED (PLASDENT),,,,,[INFERRED]
340-110-032,,CODE RINGS LARGE GREEN (PLASDENT),,,,,[INFERRED]
340-190-007,,DRESSING PLIERS #17,,,,,[INFERRED]
340-120-003,,MIRROR HANDLES - MILTEX,,,,,[INFERRED]
340-170-007,,PROBE CP 15 PT 548/4PT,,,,,[INFERRED]
340-170-005,,PROBE CP 15 548/4,,,,,[INFERRED]
340-170-003,,PROBE CP 12S PT 548/1PT,,,,,[INFERRED]
340-170-009,,PROBE DOUBLE GOLDMAN -FOX/WILL,,,,,[INFERRED]
340-170-013,,PROBE WILLIAMS S 547/4,,,,,[INFERRED]
340-120-008,,MOUTH MIRROR #4 C/S FRONT SURF,,,,,[INFERRED]
340-120-009,,MOUTH MIRROR #4 C/S MAGNIFYING,,,,,[INFERRED]
520-160-012,,COMPOSITE ORGANISER SYRINGE,,,,,[INFERRED]
340-110-011,,INSTRUMENT TRAY- TURQUOISE,,,,,[INFERRED]
340-110-012,,INSTRUMENT TRAY- YELLOW,,,,,[INFERRED]
340-110-008,,INSTRUMENT TRAY COVER,,,,,[INFERRED]
340-110-010,,INSTRUMENT TRAY RACK LARGE,,,,,[INFERRED]
340-110-013,,KIDNEY DISH (EMESIS BASIN) BIG,,,,,[INFERRED]
340-110-014,,KIDNEY DISH(EMESIS BASIN) SMALL,,,,,[INFERRED]
340-110-026,,TUB CUP & COVER - DOUBLE,,,,,[INFERRED]
280-140-016,,TOUCH ACTIVATED GAS BURNER,,,,,[MATCH]
340-110-007,,INSTRUMENT RACK (17 INST,,,,,[INFERRED]
340-110-018,,TRAY ALUMINIUM BLUE (998/B),,,,,[INFERRED]
340-110-021,,TRAY ALUMINIUM SILVER (998/AS),,,,,[INFERRED]
340-110-019,,TRAY ALUMINIUM GREEN (998/V),,,,,[INFERRED]
340-110-020,,TRAY ALUMINIUM RED (998/R),,,,,[INFERRED]
340-110-067,,LID ALUMINIUM SILVER (999/A),,,,,[INFERRED]
200-200-021,,TRAY WITH LID LARGE (1160),,,,,[INFERRED]
340-110-064,,TRAY PERFORATED ALUM. BLUE,,,,,[INFERRED]
340-110-065,,TRAY PERFORATED ALUM. SILVER,,,,,[INFERRED]
340-110-068,,LID PERFORATED ALUM. SILVER,,,,,[INFERRED]
200-200-022,,TRAY WITH LID SMALL (1165),,,,,[INFERRED]
340-110-017,,METAL INSTRUMENT TRAY- SILVER,,,,,[INFERRED]
340-110-016,,METAL INSTRUMENT TRAY- RED,,,,,[INFERRED]
340-110-015,,METAL INSTRUMENT TRAY- BLUE,,,,,[INFERRED]
340-110-009,,INSTRUMENT TRAY COVER- SILVER,,,,,[INFERRED]
340-110-066,,TRAY PERFORATED ALUMINIUM,,,,,[INFERRED]
340-180-005,,BALL BURNISHER #26/27 S,,,,,[MATCH]
340-180-002,,CARVER HOLLEN BACK #3S,,,,,[INFERRED]
340-180-003,,CEMENT SPATULA-HU FRIEDY,,,,,[INFERRED]
340-190-017,,EXCAVATOR #63/64,,,,,[INFERRED]
340-190-022,,EXCAVATORS #17,,,,,[INFERRED]
340-190-023,,EXCAVATORS #19,,,,,[INFERRED]
340-180-006,,CEMENT SPATULA-MILTEX,,,,,[INFERRED]
260-130-002,,EXCAVATOR ENDODONTIC 32L,,,,,[INFERRED]
260-210-005,,M-SERIES PLUGGER/SPREADER #20,,,,,[INFERRED]
340-190-021,,EXCAVATOR SPOON 18 (664/18),,,,,[INFERRED]
260-130-003,,EXCAVATOR ENDODONTIC 33L,,,,,[INFERRED]
260-130-001,,EXCAVATOR ENDODONTIC 31L,,,,,[INFERRED]
340-170-001,,BIOSONIC SCALER INSERT-1030KOS,,,,,[INFERRED]
340-170-004,,BIOSONIC SCALER INSERT-1030KSP,,,,,[INFERRED]
340-170-006,,BIOSONIC ULTRAS SCALER TRIPLE,,,,,[INFERRED]
340-170-019,,SCALER TIPS C1 (F680C2700),,,,,[INFERRED]
340-170-020,,SCALER TIPS C2,,,,,[INFERRED]
340-170-022,,SCALER TIPS P1  (F680C4400),,,,,[INFERRED]
340-170-024,,SCALER TIPS S1,,,,,[INFERRED]
340-170-025,,SCALER TIPS S2,,,,,[INFERRED]
340-170-021,,SCALER TIPS C4,,,,,[INFERRED]
340-170-023,,SCALER TIPS P3,,,,,[INFERRED]
280-110-057,,SENSIMATIC ELECTRODES LRG LOOP,,,,,[INFERRED]
340-170-016,,SCALER HYGENIST-JAQUETTE H5-J3,,,,,[INFERRED]
340-190-006,,ASH FORCEPS #123,,,,,[INFERRED]
340-190-008,,ASH FORCEPS #22,,,,,[INFERRED]
340-190-009,,ASH FORCEPS #39,,,,,[INFERRED]
340-190-041,,PLIER BERGH CROWNS MM175,,,,,[INFERRED]
340-110-004,,ENDODONTIC BOX ALUMINIUM (BLUE,,,,,[INFERRED]
340-110-005,,ENDODONTIC BOX ALUMINIUM (RED),,,,,[INFERRED]
340-110-003,,ENDODONTIC BOX ALUMINIUM,,,,,[INFERRED]
340-170-014,,SCALER CI 2/3 640/3,,,,,[INFERRED]
340-190-067,,ROOT ELEVATOR LUSSATORE 5MM,,,,,[INFERRED]
340-180-008,,FILLING INSTRUMENT HOLLENBACK,,,,,[INFERRED]
340-180-009,,FILLING INSTRUMENT M1Z SERRATE,,,,,[INFERRED]
340-190-047,,ROOT ELEVATOR APEXO 2MM 5 X 9,,,,,[INFERRED]
340-190-048,,ROOT ELEVATOR APICAL 304 3MM,,,,,[INFERRED]
340-190-065,,ROOT ELEVATOR LUSSATORE 4MM (CURVED),,,,,[INFERRED]
340-190-075,,SCALPEL BLADE REMONVER 3636,,,,,[INFERRED]
340-190-086,,SCISSOR SPENCER 130MM (3521),,,,,[INFERRED]
340-110-006,,ENDODONTIC TRAY ALUMINIUM,,,,,[INFERRED]
340-180-010,,FILLING INSTRUMENT M3Z SERRATE,,,,,[INFERRED]
340-190-011,,BLADE HANDLE #3 - MILTEX,,,,,[INFERRED]
340-110-022,,TWEEZER COLLEGE (1026),,,,,[INFERRED]
340-110-002,,ENDODONTIC BOX ALU. LARGE,,,,,[INFERRED]
340-170-017,,SCALER JAQUETTE 34-35 (651/34-,,,,,[INFERRED]
340-120-005,,MIRROR N.4 RHODIUM DOUBLE (6PC) (4912/4RO),,,,,[INFERRED]
340-110-024,,TWEEZER GERALD OY CURVED,,,,,[INFERRED]
340-190-119,,TOOTH FORCEPS PEDO N.39,,,,,[INFERRED]
340-190-112,,TOOTH FORCEPS PEDO N.143,,,,,[INFERRED]
340-190-110,,TOOTH FORCEPS PEDO N.107,,,,,[INFERRED]
340-190-082,,SCISSOR IRIS TC CURVED (3512/T,,,,,[INFERRED]
340-190-076,,SCISSOR BEEBEE (3550),,,,,[INFERRED]
340-190-085,,SCISSOR KELLY CURVED (3510),,,,,[INFERRED]
340-190-068,,ROOT ELEVATOR SCHMECKEBIER LEF,,,,,[INFERRED]
340-190-013,,BLADE SAFE,,,,,[INFERRED]
340-190-069,,ROOT ELEVATOR SCHMECKEBIER RIG,,,,,[INFERRED]
340-190-056,,ROOT ELEVATOR HYLIN LEFT 3MM,,,,,[INFERRED]
340-190-057,,ROOT ELEVATOR HYLIN RIGHT 3MM,,,,,[INFERRED]
340-180-001,,AMALGAM CARVER HOLLENBACK 3S,,,,,[INFERRED]
340-190-015,,BONE CURETTE LUCAS N.88 (661/,,,,,[INFERRED]
340-110-023,,TWEEZER FLAGG (1023),,,,,[INFERRED]
340-190-101,,TOOTH FORCEPS N.67 (2500/67),,,,,[INFERRED]
340-190-002,,COUPLAND CHISEL 1,,,,,[INFERRED]
340-120-004,,MIRROR N.4 RHODIUM DOUBLE (4910/4RO),,,,,[INFERRED]
280-130-002,,COMPLETE MAGNETE PLATE 5222/12,,,,,[INFERRED]
340-190-115,,TOOTH FORCEPS PEDO N.160,,,,,[INFERRED]
340-190-005,,CUTTER CENTURY N.94 TC 15*,,,,,[INFERRED]
340-190-012,,ELEVATOR #40,,,,,[INFERRED]
340-190-014,,ELEVATOR #41,,,,,[INFERRED]
340-190-010,,ELEVATOR #4-APEXO-SCHMECKEBIER,,,,,[INFERRED]
340-190-016,,ELEVATOR #7 POTTS,,,,,[INFERRED]
340-190-036,,PERIOSTEAL ELEVATOR - ALLEN,,,,,[INFERRED]
340-190-038,,PERIOTOMES #PT1 POSTERIOR,,,,,[INFERRED]
340-190-122,,PERIOTOMES #PT2  ANTERIOR,,,,,[INFERRED]
260-150-042,,SCHLUGER #9/10 FILE,,,,,[INFERRED]
340-190-088,,SCISSORS 4 3/4 CURVED (WAGNER),,,,,[INFERRED]
340-190-080,,TISSUE FORCEPS-SEMKIN-TAYLOR,,,,,[INFERRED]
340-190-032,,MILLER SURGICAL CURETTE-#12,,,,,[INFERRED]
340-190-108,,TOOTH FORCEPS N.79,,,,,[INFERRED]
340-190-107,,TOOTH FORCEPS N.76,,,,,[INFERRED]
340-190-051,,ROOT ELEVATOR COUPLAND 4.2MM,,,,,[INFERRED]
340-190-053,,ROOT ELEVATOR CRYER 15MM LEFT,,,,,[INFERRED]
340-120-007,,MIRRORS N.5 RHODIUM DOUBLE-6PC (4912/5RO),,,,,[INFERRED]
340-180-004,,AMALGAM CARVER WACD,,,,,[INFERRED]
340-190-024,,EXCAVATORS OVAL SPOON 18W,,,,,[INFERRED]
340-190-019,,EXCAVATOR SPOON 14 (664/14),,,,,[INFERRED]
340-180-013,,FILLING INSTRUMENTS MARKLEY 2,,,,,[INFERRED]
340-180-007,,FILLING INSTRUMENT BALL 18,,,,,[INFERRED]
340-190-120,,TOOTH FORCEPS WITZEL (2500/221),,,,,[INFERRED]
340-170-015,,SCALER HYGENIST H6/H7 (651/11),,,,,[INFERRED]
260-210-001,,ENDODONTIC PLUGGER 1/3,,,,,[INFERRED]
260-210-003,,ENDODONTIC PLUGGER 5/7,,,,,[INFERRED]
340-190-074,,ROOT ELEVTOR WARWICK-JAMES LEFT 2.2MM (796/2),,,,,[INFERRED]
340-190-092,,TOOTH FORCEPS N.130 (2500/130),,,,,[INFERRED]
340-190-106,,TOOTH FORCEPS N.75- A,,,,,[INFERRED]
340-190-090,,TOOTH FORCEPS N.122 (2500/122),,,,,[INFERRED]
340-190-091,,TOOTH FORCEPS N.13 (2500/13),,,,,[INFERRED]
340-190-104,,TOOTH FORCEPS N.73-S,,,,,[INFERRED]
340-190-109,,TOOTH FORCEPS PEDO  N.37,,,,,[INFERRED]
340-190-114,,TOOTH FORCEPS PEDO N.158,,,,,[INFERRED]
340-190-118,,TOOTH FORCEPS PEDO N.38,,,,,[INFERRED]
340-190-117,,TOOTH FORCEPS PEDO N.22-S,,,,,[INFERRED]
340-190-018,,EXCAVATOR N.3 (670/3),,,,,[INFERRED]
340-190-116,,TOOTH FORCEPS PEDO N.161,,,,,[INFERRED]
340-190-113,,TOOTH FORCEPS PEDO N.157,,,,,[INFERRED]
340-190-004,,CURETTE SWISS TYPE (639/24),,,,,[INFERRED]
340-190-079,,SCISSOR BEEBEE TC CURVED 110MM,,,,,[INFERRED]
340-190-033,,NEEDLE HOLDER HALSEY TC 130MM,,,,,[INFERRED]
340-190-034,,NEEDLE HOLDER MATHIEU 170MM,,,,,[INFERRED]
340-190-081,,SCISSOR IRIS TC 115MM (3511/TC,,,,,[INFERRED]
340-190-084,,TOOTH FORCEPS N. 190,,,,,[INFERRED]
340-190-087,,TOOTH FORCEPS N. 46,,,,,[INFERRED]
340-120-006,,MIRRORS DR. COMELLA RODIUM 12p,,,,,[INFERRED]
420-110-008,,HARDWIRE CUTTER,,,,,[INFERRED]
340-190-035,,NEEDLE HOLDER MAYO-HEGAR 180MM (1741/TC),,,,,[INFERRED]
340-190-100,,TOOTH FORCEPS N.51,,,,,[INFERRED]
340-190-027,,FORCEP FOR CROWN & BRIDGES UP,,,,,[INFERRED]
340-190-026,,FORCEP FOR CROWN & BRIDGES LOW,,,,,[INFERRED]
340-190-043,,PLIER MONTFORT CROWN SLITTER,,,,,[INFERRED]
340-120-002,,MIRROR HANDLE OCTAGONAL,,,,,[INFERRED]
340-110-025,,TWEEZER GERALD OY CURVED 0.6mm,,,,,[INFERRED]
340-170-011,,PROBE DOUBLE WILLIAMS / N.23 (567/23),,,,,[INFERRED]
340-190-037,,PERIOSTEAL ELEVATOR - MOLT-MED,,,,,[INFERRED]
340-190-105,,TOOTH FORCEPS N.75,,,,,[INFERRED]
340-190-096,,TOOTH FORCEPS N.22,,,,,[INFERRED]
280-120-026,,18:1 IMPLANT CONTRA ANGLE,,,,,[INFERRED]
340-130-001,,ABUTMENT CARRYING FORCEPS,,,,,[INFERRED]
340-190-003,,ANTRALPLASTY ELEVATOR,,,,,[INFERRED]
280-140-011,,ELECTRIC DRILL UNIT,,,,,[INFERRED]
340-190-028,,GINGIVAL & PERIOSTEAL ELEVATOR,,,,,[INFERRED]
260-150-041,,LATCH REAMER EXTENSION,,,,,[INFERRED]
340-190-030,,LUCAS BONE CURETTE,,,,,[INFERRED]
280-120-025,,MINI LATCH HEAD,,,,,[INFERRED]
320-150-009,,PILOT DRILL 2.0,,,,,[INFERRED]
380-110-026,,SILICON DAPPEN DISH,,,,,[INFERRED]
340-190-077,,STAINLESS STEEL MALLET,,,,,[INFERRED]
340-190-083,,TISSUE PUNCH 6.5MM,,,,,[INFERRED]
320-150-007,,ABUTMENT SEATING TIP,,,,,[INFERRED]
320-150-004,,2.5MM STANDARD GUIDE PIN (4),,,,,[INFERRED]
320-140-034,,THREADED ABUT PREP HOLDER,,,,,[INFERRED]
340-190-031,,HEALING PLUG REMOVAL TOOL MANU,,,,,[INFERRED]
340-190-029,,HEAL PLUG CUTTER,,,,,[INFERRED]
320-150-010,,PARALLELING PIN 0*,,,,,[INFERRED]
340-130-002,,ABUTMENT SHOULDER GUAGE,,,,,[INFERRED]
320-150-003,,2.0MM STANDARD GUIDE PIN (4),,,,,[INFERRED]
280-140-019,,UNODENT TORQUE WRENCH NSK,,,,,[INFERRED]
320-120-006,Integra-CP Implants,4.0 x 8mm Integra-CP™ Implant (2.5mm Well),Diameter,4.0mm,Length,8mm,[MATCH]
320-120-014,Integra-CP Implants,4 x 11mm Integra-CP™ Implant (2.5mm Well),Diameter,4mm,Length,11mm,[MATCH]
320-120-015,Integra-CP Implants,4 x 5mm Integra-CP™ Implant (2.5mm Well),Diameter,4mm,Length,5mm,[MATCH]
320-120-008,Integra-CP Implants,4.5 x 11mm Integra-CP™ Implant (2.5mm Well),Diameter,4.5mm,Length,11mm,[MATCH]
320-120-012,Integra-CP Implants,4.5 x 8mm Integra-CP™ Implant (2.5mm Well),Diameter,4.5mm,Length,8mm,[MATCH]
320-120-005,Integra-CP Implants,4.0 x 6.0mm Integra-CP™ 2.5MM WEL,Diameter,4.0mm,Length,6.0mm,[MATCH]
320-120-004,Integra-CP Implants,3.5 x 8.0mm Integra-CP™ Implant (2.0mm Well),Diameter,3.5mm,Length,8.0mm,[MATCH]
320-120-003,Integra-CP Implants,3.0 x 8.0mm Integra-CP™ Implant (2.0mm Well),Diameter,3.0mm,Length,8.0mm,[MATCH]
320-120-002,Integra-CP Implants,3.0 x 6.0mm Integra-CP™ Implant (2.0mm Well),Diameter,3.0mm,Length,6.0mm,[MATCH]
320-120-011,Integra-CP Implants,4.5 x 6mm Integra-CP™ Implant (3.0mm Well),Diameter,4.5mm,Length,6mm,[MATCH]
320-120-013,Integra-CP Implants,4.5 x 8mm Integra-CP™ Implant (3.0mm Well),Diameter,4.5mm,Length,8mm,[MATCH]
320-120-009,Integra-CP Implants,4.5 x 11mm Integra-CP™ Implant (3.0mm Well),Diameter,4.5mm,Length,11mm,[MATCH]
320-120-017,Integra-CP Implants,5.0 x 5mm Integra-CP™ Implant (3.0mm Well),Diameter,5.0mm,Length,5mm,[MATCH]
320-120-018,Integra-CP Implants,5.0 x 6mm Integra-CP™ Implant (3.0mm Well),Diameter,5.0mm,Length,6mm,[MATCH]
320-120-019,Integra-CP Implants,5.0 x 8mm Integra-CP™ Implant (3.0mm Well),Diameter,5.0mm,Length,8mm,[MATCH]
320-120-016,Integra-CP Implants,5.0 x 11mm Integra-CP™ Implant (3.0mm Well),Diameter,5.0mm,Length,11mm,[MATCH]
320-120-022,Integra-CP Implants,6.0 x 8mm Integra-CP™ Implant (3.0mm Well),Diameter,6.0mm,Length,8mm,[MATCH]
320-120-020,Integra-CP Implants,6.0 x 5.0mm Integra-CP™ Implant (3.0mm Well),Diameter,6.0mm,Length,5.0mm,[MATCH]
320-120-021,Integra-CP Implants,6.0 x 6.0mm Integra-CP™ Implant (3.0mm Well),Diameter,6.0mm,Length,6.0mm,[MATCH]
320-120-010,Integra-CP Implants,4.5 x 5.0mm Integra-CP™ Implant (3.0mm Well),Diameter,4.5mm,Length,5.0mm,[MATCH]
380-180-001,,LAB BUR-GOLDIES 63-B/XC,,,,,[MATCH]
380-180-002,,LAB BUR-GOLDIES 82-T,,,,,[MATCH]
280-110-045,,ORING SET FOR VACUVESTOR-#4020,,,,,[INFERRED]
520-170-001,,ALUMINUM OXIDE WHITE (20LB),,,,,[INFERRED]
520-170-002,,BROWNIE POLISHER SHAPE WH6,,,,,[INFERRED]
380-170-001,,CASTING RING 1 3/4 x 55mm-#4090,,,,,[INFERRED]
520-170-012,,GREENIE POLISHER SHAPE PC2,,,,,[INFERRED]
380-110-036,,HEATLESS WHEELS-DEDECO,,,,,[INFERRED]
380-110-017,,LAB PANS - ASSORTED,,,,,[INFERRED]
340-110-069,,LAB SAW BLADES,,,,,[INFERRED]
280-120-015,,MICROMOTOR HANDPIECE,,,,,[INFERRED]
380-110-021,,MIXING TRAY RENFERT(1058-0000),,,,,[INFERRED]
340-140-003,,PK THOMAS INSTRUMENT KIT,,,,,[INFERRED]
380-110-022,,PORCELAIN BRUSH TAKANISHI,,,,,[INFERRED]
380-120-007,,THERMOFORMING MAT CLR SUR-0.04,,,,,[INFERRED]
380-120-008,,THERMOFORMING MAT CLR SUR-0.06,,,,,[INFERRED]
380-120-010,,THERMOFORMING MAT CLR TEM-0.02,,,,,[INFERRED]
380-110-032,,TRU-FIT DIE SPACER,,,,,[INFERRED]
380-120-009,,THERMOFORMING MAT CLR SUR-0.08,,,,,[INFERRED]
380-110-006,,DENTURE BAGS (500 ROLL),,,,,[INFERRED]
380-120-017,,CLEAR SPLINT BIOCRYL 1MM/125MM ROUND (25/PK),,,,,[INFERRED]
380-120-018,,CLEAR SPLINT BIOCRYL 2MM/125MM ROUND (10/PK),,,,,[INFERRED]
380-120-016,,CLEAR SPLINT BIOCRYL 1.5MM/125,,,,,[INFERRED]
380-110-018,,MIXING BOWL -DENTSPLY,,,,,[INFERRED]
380-110-019,,MIXING BOWL 100 215/1,,,,,[INFERRED]
280-140-013,,MICROMOTORS RL01-2 BREUSHLESS,,,,,[INFERRED]
520-170-014,,PUMICE #4 FINE (25LB) FINE,,,,,[INFERRED]
200-110-010,,ORO-GUARD FILM (SMALL) (5/PK),,,,,[INFERRED]
200-110-009,,ORO-GUARD FILM (MEDIUM) (5/PK),,,,,[INFERRED]
200-110-008,,ORO-GUARD FILM (LARGE) (5/PK),,,,,[INFERRED]
360-130-010,,WATERBATH DIAL THERMOMETER,,,,,[INFERRED]
420-110-001,,CLEAR MOUTHGUARD MAT. 3MM/125M,,,,,[INFERRED]
280-130-004,,RL 35 ARTICULATOR (L),,,,,[INFERRED]
280-130-005,,RL 35 ARTICULATOR (M),,,,,[INFERRED]
280-130-006,,RL 35 ARTICULATOR (S),,,,,[INFERRED]
520-190-018,,MATRIX BAND-ADULT UNIVERSAL,,,,,[INFERRED]
520-190-020,,MATRIX BAND-TOFFLEMIRE-PD,,,,,[INFERRED]
520-190-019,,MATRIX BAND-MOD NARROW,,,,,[INFERRED]
520-190-033,,TOFFLEMIRE RETAINER(UNIV)-GETZ,,,,,[INFERRED]
520-190-034,,WIZARD WEDGES -500PK,,,,,[INFERRED]
520-190-022,,MATRIX RETAINER TOFF (4975),,,,,[INFERRED]
520-190-024,,MATRIX TOFFLEMIRE (4979/12),,,,,[INFERRED]
520-190-025,,MATRIX TOFFLEMIRE (4979/13),,,,,[INFERRED]
520-190-023,,MATRIX TOFFLEMIRE (4979/11),,,,,[INFERRED]
520-190-021,,MATRIX NYSTROM (4979/10),,,,,[INFERRED]
520-190-028,,PREMOLAR TOFFLEMIRE MATRIX,,,,,[INFERRED]
520-190-027,,MOLAR TOFFLEMIRE MATRIX,,,,,[INFERRED]
520-190-017,,DSC MATRIX U THIN #1 .001 (12),,,,,[INFERRED]
520-190-026,,PLASTIC SOLID WEDGE MEDIUM,,,,,[INFERRED]
260-170-003,,FORMOCRESOL,,,,,[INFERRED]
200-230-003,,ALCOHOL PAD (100PK),,,,,[INFERRED]
280-140-009,,COMPRESSOR OIL - BAMBI,,,,,[INFERRED]
600-140-001,,RUBBER LF MOUTH PROP GRAY LRG,,,,,[INFERRED]
600-140-002,,RUBBER LF MOUTH PROP GRAY MED.,,,,,[INFERRED]
600-140-003,,RUBBER LF MOUTH PROP GRAY SM.,,,,,[INFERRED]
380-110-011,,DAPPEN DISH 1ST GRADE CLEAR,,,,,[INFERRED]
380-110-010,,DAPPEN DISH 1ST GRADE BLUE,,,,,[INFERRED]
380-110-009,,DAPPEN DISH 1ST GRADE AMBER,,,,,[INFERRED]
380-110-012,,DAPPEN DISH 1ST GRADE GREEN,,,,,[INFERRED]
260-200-003,,ISOFOLAN 0.10/125MM ROUND (100,,,,,[INFERRED]
380-110-013,,DAPPEN DISH PREMIUM QUALITY,,,,,[INFERRED]
380-110-001,,CHROMA DENTURE BOXES ASSTORTED,,,,,[INFERRED]
340-190-078,,"STERILIZING FORCEPS 8""",,,,,[INFERRED]
280-140-015,,SONIC DENTURE SPA,,,,,[INFERRED]
360-130-009,,TRIGGER SPRAY 500ML/1LT BOTTLE,,,,,[INFERRED]
420-110-014,,RETAINER CASES -CHROMA 2000,,,,,[INFERRED]
420-110-027,,NURADIANCE RETAINER CASE RECT.,,,,,[INFERRED]
420-110-020,,RETAINER BOX LOCKING ASSORTED,,,,,[INFERRED]
480-140-010,,PROPHY MATE NEO FLASH,,,,,[INFERRED]
200-200-018,,TRAY PLASTIC - BLUE 979/BL,,,,,[INFERRED]
200-200-019,,TRAY PLASTIC - GREEN 979/G,,,,,[INFERRED]
200-200-020,,TRAY PLASTIC - WHITE 979/W,,,,,[INFERRED]
280-120-014,,MICROLUX TRANSILLUMINATOR,,,,,[INFERRED]
280-120-003,,ADDENT-MICROLUX DL LIGHTGUIDE,,,,,[INFERRED]
360-130-006,,LONG HANDLED SCRUBBING BRUSH,,,,,[INFERRED]
420-110-013,,RETAINER CASES - APPLIANCE BOX,,,,,[INFERRED]
340-120-010,,SHIMSTOCK TEST FOIL,,,,,[INFERRED]
520-170-010,,FELT WHEEL SOFT 1''X 1/8''(12),,,,,[INFERRED]
400-110-001,,PHOTO PAPER(MATT)170GSM,,,,,[INFERRED]
320-140-009,,4.0 x 6.5mm 15* 2.5MM WELL,,,,,[INFERRED]
320-140-003,,4.0 x 10mm 0* 2.5MM WELL,,,,,[INFERRED]
320-140-005,,4.0 x 10mm 15* 2.5MM WELL,,,,,[INFERRED]
320-140-025,,5.0 x 6.5mm 25* 2.5MM WELL,,,,,[INFERRED]
320-140-013,,5.0 x 10mm 0* 2.5MM WELL,,,,,[INFERRED]
320-140-015,,5.0 x 10mm 15* 2.5MM WELL,,,,,[INFERRED]
320-140-021,,5.0 x 6.5mm 0* 2.5MM WELL,,,,,[INFERRED]
320-140-023,,5.0 x 6.5mm 15* 2.5MM WELL,,,,,[INFERRED]
320-140-012,,4.0 x 6.5mm 25* 2.5MM WELL,,,,,[INFERRED]
320-140-007,,4.0 x 6.5mm 0* 2MM WELL,,,,,[INFERRED]
320-140-010,,4.0 x 6.5mm 15* 2MM WELL,,,,,[INFERRED]
320-140-001,,4.0 x 10.0mm 0* 2MM WELL,,,,,[INFERRED]
320-140-002,,4.0 x 10.0mm 15* 2MM WELL,,,,,[INFERRED]
320-140-008,,4.0 x 6.5mm 0* 3MM WELL,,,,,[INFERRED]
320-140-011,,4.0 x 6.5mm 15* 3MM WELL,,,,,[INFERRED]
320-140-004,,4.0 x 10mm 0* 3MM WELL,,,,,[INFERRED]
320-140-006,,4.0 x 10mm 15* 3MM WELL,,,,,[INFERRED]
320-140-014,,5.0 x 10mm 0* 3MM WELL,,,,,[INFERRED]
320-140-016,,5.0 x 10mm 15* 3MM WELL,,,,,[INFERRED]
320-140-017,,5.0 x 12mm 0* 3MM WELL,,,,,[INFERRED]
320-140-018,,5.0 x 12mm 15* 3MM WELL,,,,,[INFERRED]
320-140-019,,5.0 x 5.0mm 0* 3MM WELL,,,,,[INFERRED]
320-140-020,,5.0 x 5.0mm 15* 3MM WELL,,,,,[INFERRED]
320-140-022,,5.0 x 6.5mm 0* 3MM WELL,,,,,[INFERRED]
320-140-024,,5.0 x 6.5mm 15* 3MM WELL,,,,,[INFERRED]
320-140-026,,5.0 x 6.5mm 25* 3MM WELL,,,,,[INFERRED]
320-140-027,,6.5 x 5.0mm 0* 3MM WELL,,,,,[INFERRED]
320-140-028,,6.5 x 5.0mm 15* 3MM WELL,,,,,[INFERRED]
320-140-029,,6.5 x 6.5mm 0* 3MM WELL,,,,,[INFERRED]
320-140-030,,6.5 x 6.5mm 15* 3MM WELL,,,,,[INFERRED]
320-140-031,,7.5 x 8.0mm 0* 3MM WELL,,,,,[INFERRED]
320-140-032,,7.5 x 8.0mm 15* 3MM WELL,,,,,[INFERRED]
520-200-001,,FILPIN-0.6MM (BLUE),,,,,[INFERRED]
520-200-002,,FILPIN-0.76MM (GREEN),,,,,[INFERRED]
520-200-003,,FILPIN-DRILLL KIT BLUE,,,,,[INFERRED]
520-200-004,,FILPIN-DRILLL KIT GREEN,,,,,[INFERRED]
520-200-008,,PARA POST XP-SS12 (EP7444)-#4,,,,,[INFERRED]
520-200-010,,SCREW POSTS-CROSS KEY-PD,,,,,[INFERRED]
520-200-012,,SCREW POSTS-PD,,,,,[INFERRED]
520-200-013,,SCREW POSTS-SOCKET WRENCH -PD,,,,,[INFERRED]
520-200-009,,PARA POST(EP7445)-SIZE 5,,,,,[INFERRED]
520-200-006,,FILPOST STARTER PACK 2 X 6 POS,,,,,[INFERRED]
520-200-011,,PIN BENDER FOR FILPIN,,,,,[INFERRED]
520-200-007,,FILPOST-1.65MM X 22MM -BLUE (PEAROSN),,,,,[INFERRED]
280-110-073,,GENERATOR CPU PCB-10009814,,,,,[INFERRED]
440-120-003,,PLAK SMACKER STICKERS,,,,,[INFERRED]
440-120-004,,TOY CHEST,,,,,[INFERRED]
440-120-005,,TOY CHEST REFILL 200PK,,,,,[INFERRED]
300-120-001,,CASTOR WHEELS - 50MM,,,,,[INFERRED]
400-130-001,,YEARLY LABEL 2012,,,,,[INFERRED]
400-140-004,,LEAFLET DISPENSER-3 TIER 1/3 A,,,,,[INFERRED]
400-130-002,,YEARLY LABEL 2014,,,,,[INFERRED]
440-120-002,,EXCELLENT TOYS REFILL (144),,,,,[INFERRED]
400-130-003,,YEARLY LABEL 2015,,,,,[INFERRED]
400-130-004,,YEARLY LABEL 2016,,,,,[INFERRED]
400-140-005,,REXEL BUDGET POCKET,,,,,[INFERRED]
400-130-006,,YEARLY LABEL 2018,,,,,[INFERRED]
400-130-007,,YEARLY LABEL 2019,,,,,[INFERRED]
400-130-008,,YEARLY LABEL 2020,,,,,[INFERRED]
400-130-009,,YEARLY LABEL 2021,,,,,[INFERRED]
400-130-010,,YEARLY LABEL 2022,,,,,[INFERRED]
400-130-011,,YEARLY LABEL 2023,,,,,[INFERRED]
400-130-012,,YEARLY LABEL 2024,,,,,[INFERRED]
340-120-014,,TOOTH-SHAPED MIRROR WHITE,,,,,[INFERRED]
340-120-013,,TOOTH-SHAPED MIRROR ORANGE,,,,,[INFERRED]
340-120-011,,TOOTH-SHAPED MIRROR BLUE,,,,,[INFERRED]
340-120-012,,TOOTH-SHAPED MIRROR GREEN,,,,,[INFERRED]
400-130-013,,YEARLY LABEL 2025,,,,,[INFERRED]
400-130-005,,YEARLY LABEL 2017,,,,,[INFERRED]
480-130-002,,BREATH RX MOUTH RINSE,,,,,[INFERRED]
480-110-018,,TEPE INTERDENTAL BRUSHES 0.4MM- PINK (10 X 8pcs),,,,,[INFERRED]
480-110-017,,TEPE INTERDENTAL BRUSHES 0.45- ORANGE (10 X 8pcs),,,,,[INFERRED]
480-110-019,,TEPE INTERDENTAL BRUSHES 0.5MM- RED (10 X 8pcs),,,,,[INFERRED]
480-110-020,,TEPE INTERDENTAL BRUSHES 0.6MM- BLUE (10 X 8pcs),,,,,[INFERRED]
480-110-021,,TEPE INTERDENTAL BRUSHES 0.7MM- YELLOW (10 X 8pcs),,,,,[INFERRED]
480-110-022,,TEPE INTERDENTAL BRUSHES 0.8MM- GREEN (10 X 8pcs),,,,,[INFERRED]
480-110-006,,LISTERINE COOLMINT FLOSS 5YRD,,,,,[INFERRED]
480-160-001,,BREATH RX WHITENING TOOTH PAST,,,,,[INFERRED]
480-110-007,,LISTERINE ULTRA CLEAN FLOSS,,,,,[INFERRED]
480-150-001,,ADULT POWER TOOTHBRUSH,,,,,[INFERRED]
480-150-024,,REACH TOTAL CARE TOOTHBRUSH,,,,,[INFERRED]
420-110-026,,GLITTER RETAINER CASE,,,,,[INFERRED]
360-120-001,,DENTEK COMFORT CLEAN BACK,,,,,[INFERRED]
480-150-027,,BRUSHING TIMER (2-MINUTE),,,,,[INFERRED]
480-150-053,,REACH BARBIE TOOTHBRUSH,,,,,[INFERRED]
480-130-001,,CHG ORAL RINSE 0.12% (16oz),,,,,[INFERRED]
480-150-029,,CLUB CUTIE TIMER TOOTHBRUSH,,,,,[INFERRED]
480-110-004,,BREATH RX TONGUE SCRAPPER,,,,,[INFERRED]
480-130-006,,"UNODENT MOUTH WASH TABLET PINK- THYMOL (1,000/BOTTLE)",,,,,[INFERRED]
480-150-051,,ANIMAL FRIENDS TIMER,,,,,[INFERRED]
480-150-005,,DUAL CONTROL TOOTHBRUSH,,,,,[INFERRED]
480-150-050,,ANGRY BIRDS TURBO POWER,,,,,[INFERRED]
480-110-009,,MINT FLAVOURED FLOSS-MIXED,,,,,[INFERRED]
480-150-009,,ORAL B SENSITIVE HEAD TWIN PK,,,,,[INFERRED]
420-110-016,,RETAINER CASES- MEDESEY GREEN,,,,,[INFERRED]
420-110-015,,RETAINER CASES- MEDESEY BLUE,,,,,[INFERRED]
480-110-008,,MINT FLAVOURED FLOSS- WHITE,,,,,[INFERRED]
480-150-054,,REACH ADVANCE SOFT COMPACT,,,,,[INFERRED]
480-150-033,,CRAYOLA PIP-SQUEAKS TOOTHBRUSH,,,,,[INFERRED]
480-150-036,,GUM CRAYOLA TIMER LIGHT,,,,,[INFERRED]
480-150-008,,ORAL B REFILL SENSI ULTRA THIN,,,,,[INFERRED]
480-150-055,,TONGUE CLEANER ASST.COLORS,,,,,[INFERRED]
480-110-023,,TEPE INTERDENTAL BULK PACK- YELLOW,,,,,[INFERRED]
480-150-010,,ORAL B STAGES 3+ PRINCESS &,,,,,[INFERRED]
420-110-006,,DEEP DELUXE ORTHO BOX,,,,,[INFERRED]
480-150-028,,BRUSHING TIMER (3-MINUTE),,,,,[INFERRED]
480-150-039,,OCEAN PALS SUPER SOFT BRUSH,,,,,[INFERRED]
240-110-001,,ZIP POUCH SURVIVAL KIT,,,,,[INFERRED]
480-150-025,,TRAVEL V-TRIM TOOTHBRUSH,,,,,[INFERRED]
420-110-017,,RETAINER CASES- MEDESEY PINK,,,,,[INFERRED]
420-110-018,,RETAINER CASES- MEDESEY YELLOW,,,,,[INFERRED]
480-130-003,,GENGIGEL MOUTH RINSE,,,,,[INFERRED]
480-150-038,,LION KING TURBO POWER T/BRUSH,,,,,[INFERRED]
480-150-048,,ORAL-B STAGES 4 GALAXY,,,,,[INFERRED]
480-150-052,,BATMAN TURBO POWER TOOTHBRUSH,,,,,[INFERRED]
480-150-037,,KIDS T/BRUSHES 29 TUFT STAGE 2,,,,,[INFERRED]
480-140-005,,PROPHY BRUSH-NYLON TYPE,,,,,[INFERRED]
480-110-028,,STIMUDENT,,,,,[INFERRED]
480-150-002,,COLGATE MICROSINIC TOOTHBRUSH,,,,,[INFERRED]
480-150-032,,CRAYOLA KIDS POWER TOOTHBRUSH,,,,,[INFERRED]
480-150-011,,ORAL B STAGES TOTHBRUSH 1,,,,,[INFERRED]
420-110-010,,ORTHO TOOTHBRUSH-RUBBER GRIP,,,,,[INFERRED]
480-160-003,,TOOTHPASTE-DINO,,,,,[INFERRED]
480-160-005,,TOOTHPASTE-SHARK,,,,,[INFERRED]
480-110-005,,BRIDGE AID FLOSS THREADER,,,,,[INFERRED]
480-110-010,,ORAL B SUPER FLOSS,,,,,[INFERRED]
480-130-007,,"UNODENT MOUTH WASH TABLETS-GREEN MINT (1,000/BOTTLE)",,,,,[INFERRED]
480-130-008,,"UNODENT MOUTH WASH TABLETS-ORANGE (1,000/BOTTLE)",,,,,[INFERRED]
480-140-011,,JUNIOR CUP NYLON BRUSH SCREW,,,,,[INFERRED]
480-110-003,,2-IN-1 FLOSS & INTERDENT BRUSH- WHITE (15/PK),,,,,[INFERRED]
480-110-002,,2-IN-1 FLOSS & INTERDENT BRUSH- BLUE (15/PK),,,,,[INFERRED]
480-150-026,,TUNG BRUSH,,,,,[INFERRED]
480-160-004,,TUNG-GEL W/30Z GEL,,,,,[INFERRED]
480-140-002,,PDT PROPHY PASTE MEDIUM ASST,,,,,[INFERRED]
280-150-002,,INSTR SELECTN BOARD-E6000109,,,,,[INFERRED]
280-150-005,,STAB SUPPLY PC BOARD-E6000113,,,,,[INFERRED]
280-120-016,,PIEZOSTERIL 3 HANDPIECE,,,,,[INFERRED]
380-110-020,,MIXING STICKS,,,,,[INFERRED]
380-110-004,,ALGINATE SPATULAS ASSTED COLOR,,,,,[INFERRED]
520-150-008,,PANAVIA SA CEMENT PLUS AM A2 (4.6ML),,,,,[INFERRED]
520-150-009,,PANAVIA SA CEMENT PLUS AM TRANSLUCENT (4.6ML),,,,,[INFERRED]
520-180-001,,FUJI IX GP 1:1 STD A3,,,,,[INFERRED]
260-200-010,,RUBBER DAM CLAMP 00,,,,,[INFERRED]
260-200-011,,RUBBER DAM CLAMP 12A,,,,,[INFERRED]
260-200-012,,RUBBER DAM CLAMP 13A,,,,,[INFERRED]
260-200-013,,RUBBER DAM CLAMP 14A,,,,,[INFERRED]
260-200-014,,RUBBER DAM CLAMP 2,,,,,[INFERRED]
260-200-015,,RUBBER DAM CLAMP 2A,,,,,[INFERRED]
260-200-016,,RUBBER DAM CLAMP 3,,,,,[INFERRED]
260-200-017,,RUBBER DAM CLAMP 4,,,,,[INFERRED]
260-200-018,,RUBBER DAM CLAMP 7,,,,,[INFERRED]
260-200-019,,RUBBER DAM CLAMP 8A,,,,,[INFERRED]
260-200-020,,RUBBER DAM CLAMP 9,,,,,[INFERRED]
260-200-021,,RUBBER DAM CLAMP W14,,,,,[INFERRED]
260-200-022,,RUBBER DAM FORCEPS,,,,,[INFERRED]
260-200-023,,RUBBER DAM FRAME,,,,,[INFERRED]
260-200-025,,RUBBER DAM PUNCH,,,,,[INFERRED]
380-110-007,,FIESTA COLOR CODED CLAMP ORG.,,,,,[INFERRED]
260-200-024,,RUBBER DAM FRAME (PEARSON),,,,,[INFERRED]
260-200-007,,RUBBER DAM CLAMP #2 (PEARSON),,,,,[INFERRED]
260-200-008,,RUBBER DAM CLAMP #2A (PEARSON),,,,,[INFERRED]
260-200-005,,RUBBER DAM CLAMP #12A (PEARSON,,,,,[INFERRED]
260-200-006,,RUBBER DAM CLAMP #13A (PEARSON,,,,,[INFERRED]
260-200-009,,RUBBER DAM CLAMP #9 (PEARSON),,,,,[INFERRED]
600-150-003,,SURGICAL BLADES SIZE 15C,,,,,[INFERRED]
600-160-002,,SUTURES-ETHICON (36PK),,,,,[INFERRED]
600-160-001,,ETHICON SUTURES 3/0 GAUGE-12PK,,,,,[INFERRED]
200-210-007,,VIVID RITE GOWN BLUE 25GM SMS,,,,,[INFERRED]
200-210-006,,VIVID ISO GOWN CPE 25GM W/THUM,,,,,[INFERRED]
200-210-008,,VIVID RITE GOWN PINK 25GM SMS,,,,,[INFERRED]
320-160-001,,4.0 x 4.5mm TEMP ABUT 2.5MM POST,,,,,[INFERRED]
320-160-003,,4.0 x 6.5mm TEMP ABUT 2.5MM POST,,,,,[INFERRED]
320-160-007,,5.0 x 4.5mm TEMP ABUT 2.5MM POST,,,,,[INFERRED]
320-160-009,,5.0 x 6.5mm TEMP ABUT 2.5MM POST,,,,,[INFERRED]
320-160-002,,4.0 x 4.5mm TEMP ABUT 3MM POST,,,,,[INFERRED]
320-160-008,,5.0 x 4.5mm TEMP ABUT 3MM POST,,,,,[INFERRED]
320-160-010,,5.0 x 6.5mm TEMP ABUT 3MM POST,,,,,[INFERRED]
320-160-011,,6.5 x 4.5mm TEMP ABUT 3MM POST,,,,,[INFERRED]
320-160-012,,6.5 x 6.5mm TEMP ABUT 3MM POST,,,,,[INFERRED]
320-160-006,,5.0MM NON SHOULDER TEMP SLEEVE,,,,,[INFERRED]
320-160-005,,4MM NON SHOULDER TEMP SLEEVE,,,,,[INFERRED]
120-120-001,,CHEROKEE 4777 GRPW,,,,,[INFERRED]
120-120-023,,MOCK WRAP TOP S NAVY (WT668C),,,,,[INFERRED]
120-120-016,,ELASTIC WAIST PANT S- NAVY,,,,,[INFERRED]
120-120-029,,UNISEX DRAWSTRING PANT S- NAVY,,,,,[INFERRED]
120-120-012,,DSA MHS TOP & PANT MALE (S),,,,,[INFERRED]
120-120-013,,DSA MHS TOP & PANT MALE-(M),,,,,[INFERRED]
120-120-011,,DSA MHS TOP & PANT MALE (L),,,,,[INFERRED]
120-120-005,,CHEROKEE 4876 M GALAXY,,,,,[INFERRED]
120-120-007,,CHEROKEE 4876 XL WINE,,,,,[INFERRED]
120-120-010,,DSA MHS TOP & PANT FEMALE (M),,,,,[INFERRED]
120-120-009,,DSA MHS TOP & PANT FEMALE (L),,,,,[INFERRED]
120-120-015,,DSA MHS TROUSER- GREY (S),,,,,[INFERRED]
120-120-014,,DSA MHS TROUSER- GREY (M),,,,,[INFERRED]
120-120-004,,ANKARA FLOWERY PATTERN TOP (S),,,,,[INFERRED]
120-120-002,,ANKARA FLOWERY PATTERN TOP (M),,,,,[INFERRED]
120-120-020,,FLOWERY ANKARA MALE TOP(M),,,,,[INFERRED]
120-120-019,,FEMALE FRONT & PANT DESK (S),,,,,[INFERRED]
120-120-026,,UA SCRUB 61 TOP-M-WINE,,,,,[INFERRED]
120-120-027,,UA WOMEN'S SNAP FRN TOP-S-WINE,,,,,[INFERRED]
120-120-006,,CHEROKEE 4876 TOP -2X-GAL BLUE,,,,,[INFERRED]
120-120-025,,UA 2PKT MOCK WRAP TOP-M-JANAV,,,,,[INFERRED]
120-120-024,,UA 2PKT MOCK WRAP TOP-L-JANAV,,,,,[INFERRED]
120-120-031,,BUTTERSOFT PC62C -XL-ELPIN,,,,,[INFERRED]
120-120-021,,MEN'S 5 PKT V-NECK TOP-M-GRANI,,,,,[INFERRED]
120-120-032,,BUTTERSOFT PC62C TOP-M-WINE,,,,,[INFERRED]
120-120-018,,ELASTIC WAIST PANT-M-JADE,,,,,[INFERRED]
120-120-017,,ELASTIC WAIST PANT-L-JADE,,,,,[INFERRED]
120-120-030,,UNISEX ONE POCKET TOP-M-JADE,,,,,[INFERRED]
120-120-028,,UNISEX 3 POCKET PANTS-M-JADE,,,,,[INFERRED]
120-120-003,,CHEROKEE 4876 - 2X - PEWTE,,,,,[INFERRED]
380-120-011,,VITA 3D-MASTER OPAQ 12GM-1M2,,,,,[INFERRED]
380-120-012,,VITA VMK95 TRANSLUS 12GM- NA,,,,,[INFERRED]
380-120-013,,VITA VMK95 TRANSLUS 12GM- NB,,,,,[INFERRED]
380-120-014,,VITA VMK95 TRANSLUS 12GM- NC,,,,,[INFERRED]
380-120-015,,VITA VMK95 TRANSLUS 12GM- ND,,,,,[INFERRED]
320-150-008,,MD GUIDE- DRILLING IMPLANT,,,,,[INFERRED]
340-180-014,,WAMKEY PACK,,,,,[INFERRED]
320-150-006,,9MM DRILLING IMPLANT GUIDE,,,,,[INFERRED]
320-150-001,,10.5MM DRILLING IMPLANT GUIDE,,,,,[INFERRED]
320-150-002,,12MM DRILLING IMPLANT GUIDE,,,,,[INFERRED]
500-150-001,,KODAK INSIGHT PERIAPICAL FILM,,,,,[INFERRED]
500-130-004,,UNIVERSAL X-RAY FILM MOUNTS,,,,,[INFERRED]
500-130-005,,X-RAY FILM HOLDER -SINGLE CLIP,,,,,[INFERRED]
500-130-007,,X-RAY FILM HOLDER- SNAP-A-RAY (SINGLE PACK),,,,,[INFERRED]
280-170-001,,LEAD-FREE APRON ADULT W/COLLAR,,,,,[INFERRED]
500-130-006,,X-RAY FILM HOLDER -SNAP-A-RAY (3 PACK),,,,,[INFERRED]
500-110-003,,CARESTREAM DEVELOPER (490ML),,,,,[INFERRED]
500-110-004,,CARESTREAM FIXER (490ML),,,,,[INFERRED]
280-110-037,,KIT COPPIA O-RING TERM CANULE,,,,,[INFERRED]
580-120-004,,OUTERBODY MULTISTERIL 2,,,,,[INFERRED]
280-110-052,,QUICK MALE COUPLING (R3000142),,,,,[INFERRED]
280-110-040,,MICROSWITCH W/WHEEL LEVER,,,,,[INFERRED]
280-110-069,,TUBE & POLYLIGHT SELECTN CABLE,,,,,[INFERRED]
200-200-005,,LONG TUB CUP+COVER (ZIRC),,,,,[INFERRED]
380-160-025,,SULTAN MIXING TIPS - PINK,,,,,[INFERRED]
280-120-011,,HP SLEEVES UNIVERSAL,,,,,[INFERRED]
340-110-050,,COLOUR CODED RINGS BLUE (S) H/S,,,,,[INFERRED]
340-190-001,,COMPREHENSIVE SURGICAL KIT,,,,,[INFERRED]
480-110-012,,TEPE COMPLETE KIT,,,,,[INFERRED]
220-110-001,,TEPE MODEL,,,,,[INFERRED]
280-170-004,,X-RAY ILLUMINATOR,,,,,[INFERRED]
100-150-007,,BARREL CAP TWO PART 30D,,,,,[INFERRED]
380-110-035,,ZIRC SLIDE TRAY DIVIDED,,,,,[INFERRED]
520-160-030,,COMPOSITE SHADE LABEL (2PK),,,,,[INFERRED]
280-110-067,,SYRINGE CLIP ON HOLDER (ZIRC),,,,,[INFERRED]
160-120-003,,BUR SJT 029,,,,,[MATCH]
160-110-007,,BUR NO HP1/2,,,,,[MATCH]
480-110-027,,TEPE STAND LID STAND,,,,,[INFERRED]
480-140-006,,PROPHY CUP LATEX FREE RA STEEL,,,,,[INFERRED]
100-140-005,,SEPTOJECT NEEDLES 30GAS (100),,,,,[INFERRED]
520-140-001,,CLEARFIL F2 PASTE ONLY KIT,,,,,[INFERRED]
200-190-013,,UNODENT BIB HOLDER- LATEX-FREE DISP-BIBS-56,,,,,[INFERRED]
200-190-014,,UNODENT BIB HOLDER- LATEX-FREE DISP-BIBS-57,,,,,[INFERRED]
200-190-012,,UNODENT BIB HOLDER- LATEX-FREE DISP-BIBS-55,,,,,[INFERRED]
160-130-002,,DIAMOND BURS FG 557-UNODENT,,,,,[MATCH]
120-130-003,,WOMEN SLIP ON CLOGS BLACK SIZE 12,,,,,[INFERRED]
120-130-002,,WOMEN SLIP ON CLOGS BLACK SIZE 9,,,,,[INFERRED]
120-130-001,,WOMEN SLIP ON CLOGS BLACK SIZE 8,,,,,[INFERRED]
380-110-008,,ASSORTMENT PRESIDENT TRAYS 87,,,,,[INFERRED]
380-110-005,,ASSORTMENT PRESIDENT TRAYS (10PK) (C6910),,,,,[INFERRED]
340-170-012,,PROBE GLICKMAN 26-G 546/6,,,,,[INFERRED]
340-170-002,,PROBE CP 10 PT 548/6PT,,,,,[INFERRED]
340-190-073,,ROOT ELEVATOR WARWICK-JAMES STRAIGHT 2.2MM (i796/1),,,,,[INFERRED]
340-190-072,,ROOT ELEVATOR WARWICK-JAMES RIGHT 2.2MM (796/3),,,,,[INFERRED]
340-190-061,,ROOT ELEVATOR LONDON HOSPITAL 975,,,,,[INFERRED]
340-190-062,,ROOT ELEVATOR LONDON HOSPITAL 976,,,,,[INFERRED]
340-190-063,,ROOT ELEVATOR LONDON HOSPITAL 977,,,,,[INFERRED]
380-110-003,,DENTURE BAGS (1000 ROLL),,,,,[INFERRED]
520-140-006,,NICOR - 500GM,,,,,[INFERRED]
480-110-014,,TEPE INTERDENTAL BRUSHES (0.6MM)- BLUE (SINGLE PACK),,,,,[INFERRED]
480-110-015,,TEPE INTERDENTAL BRUSHES (0.7MM)- yellow (SINGLE PACK),,,,,[INFERRED]
480-110-016,,TEPE INTERDENTAL BRUSHES (0.8MM)- GREEN (SINGLE PACK),,,,,[INFERRED]
480-110-013,,TEPE INTERDENTAL BRUSHES (0.45MM)- ORANGE (SINGLE PACK),,,,,[INFERRED]
120-120-008,,DICKIES JR.EDS SIGN TOP-M WINE,,,,,[INFERRED]
280-150-006,,TCH INSTR PNL PWR SUPP EL SYS (97521830),,,,,[INFERRED]
280-110-005,,1LT. TANK GR. OCHRE STRIPE (91120348),,,,,[INFERRED]
280-110-007,,BY-PASS EL. V. GR + N.R.VALVE,,,,,[INFERRED]
280-110-019,,CUP FOUNTAIN JOINT,,,,,[INFERRED]
280-140-012,,H5/P3 VACUUM PUMP ASSEMBLY,,,,,[INFERRED]
280-110-049,,PRE-CHAMB BASIN CUP SV UNIT,,,,,[INFERRED]
280-120-006,,CASTELLINI IMPLNTR LED PACK,,,,,[INFERRED]
280-110-071,,WATER CUSPIDOR CAP,,,,,[INFERRED]
280-110-023,,EL.SYST.CAN-BUS L=600 MM,,,,,[INFERRED]
320-170-003,,UNIVERSAL ABUTMENT UA5 SP 0 DEGREES- 3.0MM POST,,,,,[INFERRED]
320-140-033,,PERM ABUT (2.5MM) 4.0 X 6.5MM 0° WELL,,,,,[INFERRED]
200-140-002,,REP. INTRA-ORAL TIPD WHITE (100PK),,,,,[INFERRED]
460-120-003,,GALCIPRO  TN,,,,,[INFERRED]
260-180-009,,ROEKO GELATAMP BLISTER PACK (20/PK),,,,,[INFERRED]
520-160-008,,BRILL.FLOW A3/D3 2.3G,,,,,[INFERRED]
380-110-015,,ISOLATE SEPARATING EMULSION (COLD MOULD SEAL) (5LTRS),,,,,[INFERRED]
520-150-001,,COPAL-F CAVITY VARNISH WITH FLUORIDE,,,,,[INFERRED]
280-110-036,,INTERNAL SUPPLY CABLE (97521377),,,,,[INFERRED]
280-110-010,,AC+DC CHAIR BOAD 2023 (97662836),,,,,[INFERRED]
280-110-006,,2017 INT. ZEN-X GR. (95510189),,,,,[INFERRED]
280-110-018,,DISTILLED WATER TANK (97461268) - (Castellini parts),,,,,[INFERRED]
280-110-003,,1LT TANK FLANGE GROUP (91109397),,,,,[INFERRED]
280-110-034,,INTERNAL CAN BUS CABLE (97521378),,,,,[INFERRED]
280-110-039,,LAMP POTENT. EL. SYSTEM (97522186),,,,,[INFERRED]
280-110-062,,"SOLENOID VALVE 3/2 NC D1, 1 (97720234)",,,,,[INFERRED]
280-110-068,,TANK JUNCTION GR. WITH PROBE (91105859,,,,,[INFERRED]
280-110-063,,STRAIGHT TUBES GR.D.11 X 2.3M,,,,,[INFERRED]
280-110-053,,SECT. TUB. SCALER L1400 (91106309),,,,,[INFERRED]
280-140-001,,(cattani) ASPIJET 6 MOBILE SUCTION,,,,,[INFERRED]
280-140-002,,CENTRIFUGAL SEPARAT. T-JET 1/2 + BOX 230V (025240),,,,,[INFERRED]
280-140-017,,"TURBO-JET  ""1"" MOD",,,,,[INFERRED]
520-150-005,,IRM,,,,,[INFERRED]
380-160-023,,MIXING TIPS - TEAL (DENTSPLY) (48/PACK),,,,,[INFERRED]
380-180-003,,(PEARSON) BROWNIE PTs. SHP-PC2 (#0272),,,,,[INFERRED]
520-190-002,,(PELLA) CROWN FORM REFILL #11,,,,,[INFERRED]
520-190-004,,(PELLA) CROWN FORM REFILL #111,,,,,[INFERRED]
520-190-006,,(PELLA) CROWN FORM REFILL #161,,,,,[INFERRED]
520-190-008,,(PELLA) CROWN FORM REFILL #22,,,,,[INFERRED]
200-190-006,,PLASDENT BIBS 2-PLY BLUE,,,,,[INFERRED]
200-190-008,,PLASDENT BIBS 2-PLY LAVENDER,,,,,[INFERRED]
200-190-009,,PLASDENT BIBS 2-PLY PEACH,,,,,[INFERRED]
160-130-001,,BURS-TWO STRIPER SHORT-CUT DIAMOND 285.5C S (PEARSON),,,,,[MATCH]
160-120-007,,CARBIDE BUR FINE CUT 47XF,,,,,[MATCH]
520-210-003,,CAVIT WHITE,,,,,[INFERRED]
520-170-003,,DIAMOND STRIPS 3.75MM WIDTH STD (10),,,,,[INFERRED]
340-110-001,,DIASHINE BRISTLE BRUSH HP SHANK,,,,,[INFERRED]
520-130-001,,DISP. BITE REGISTRATION TRAYS FULL ARCH (30),,,,,[INFERRED]
520-220-001,,EFFERDENT ORIGINAL CLEANSER TABS (102PK),,,,,[INFERRED]
420-110-009,,NICTONE ORTHO POWDER  #14 FLORESCENT PINK (7oz),,,,,[INFERRED]
520-160-018,,OMNICHROMA BLOCKER SYRINGE 4G,,,,,[INFERRED]
520-160-019,,OMNICHROMA SYRINGE 4G,,,,,[INFERRED]
480-150-047,,ORAL-B STAGES 3 SPIDERMAN (MARVEL),,,,,[INFERRED]
480-130-005,,PERIDEX RINSE 0.12% - 64oz,,,,,[INFERRED]
500-110-007,,RAPID ACCESS FIXER AND DEVELOPER (500ML),,,,,[INFERRED]
580-130-002,,"SHIELD POUCH 10.5"" X 17""",,,,,[INFERRED]
380-120-002,,SNAP POWDER SHADE #59,,,,,[INFERRED]
520-160-022,,TOUGH ACRYLC. VNEERS+COMPOSITE TOOL KIT,,,,,[INFERRED]
520-160-027,,VIVID COLOR CORE ADV. SYRINGE KIT (10G),,,,,[INFERRED]
480-140-009,,VIVID PROKLEEN MEDIUM BUBBLE GUM PROPHY PASTE (200PK),,,,,[INFERRED]
520-210-006,,Vivid QwikTemp C & B W/Tips (50ml) A2,,,,,[INFERRED]
520-210-007,,Vivid QwikTemp C & B W/Tips (50ml) A3,,,,,[INFERRED]
580-130-011,,VIVID SAFE POUCH BLUE 2 1/4 X 4 (200PK),,,,,[INFERRED]
480-150-056,,VIVID TONGKLEEN BRUSH,,,,,[INFERRED]
520-140-005,,VIVID TRU ETCH 40% JUMBO SYRINGE (60GM) + TIPS,,,,,[INFERRED]
480-110-025,,VIVID X-WAVE FLOSSER BLACK 165ML,,,,,[INFERRED]
520-190-035,,WIZARD WEDGES 100 Wedges,,,,,[INFERRED]
200-170-001,,BEESURE LATEX POWDER FREE GLOVES LARGE (100PK),,,,,[INFERRED]
200-170-002,,BEESURE LATEX POWDER FREE GLOVES MEDIUM (100PK),,,,,[INFERRED]
160-150-008,,BURS-TWO STRIPER  799.11VF (PEARSON),,,,,[MATCH]
260-170-001,,CANAL LUBRICANT (ROYDENT),,,,,[INFERRED]
520-200-005,,FILPOST 1.3MM X 17.5MM -RED (PEARSON),,,,,[INFERRED]
420-110-023,,FIXODENT + SCOPE ADHESIVE (2oz),,,,,[INFERRED]
420-110-024,,FIXODENT ORIGINAL ADHESIVE CREAM (1.4oz),,,,,[INFERRED]
200-170-011,,GRIP TOUCH LATEX POWDER FREE X-SMALL (100PK),,,,,[INFERRED]
480-150-034,,GUM BARBIE MANUAL TOOTHBRUSH,,,,,[INFERRED]
480-150-035,,GUM BARBIE POWERED TOOTHBRUSH,,,,,[INFERRED]
480-150-007,,ORAL B PRECISION STYLE TOOTHBRUSH HEAD (4PK),,,,,[INFERRED]
480-150-061,,"ORAL-B KIDS 3+ TOOTHBRUSH ""FROZEN""",,,,,[INFERRED]
480-150-059,,"ORAL-B KIDS 3+ TOOTHBRUSH ""MARVEL""",,,,,[INFERRED]
480-150-060,,"ORAL-B KIDS 3+ TOOTHBRUSH ""PIXAR""",,,,,[INFERRED]
480-150-045,,ORAL-B KIDS STAGES 1 DISNEY POOH TOOTHBRUSH,,,,,[INFERRED]
480-150-046,,ORAL-B KIDS STAGES 4 'FOR ME' TOOTHBRUSH,,,,,[INFERRED]
200-200-015,,PLASTIC CUPS BLUE (N'SURE),,,,,[INFERRED]
580-130-001,,"PQ POUCHES 12"" X 15"" (100PK) (PEARSON)",,,,,[INFERRED]
420-120-001,,REMANIUM ROUND WIRE SPOOL 30M HARD,,,,,[INFERRED]
200-140-011,,SALIVA EJECTOR WHITE WITH WHITE TIPS (100),,,,,[INFERRED]
200-140-003,,SALIVA TIP CLEAR ASSORTED TIP (100PK),,,,,[INFERRED]
100-130-003,,"SEPTOCAINE WITH EPINEPHRINE 1:200,000 2.2ML",,,,,[INFERRED]
600-150-001,,SURGICAL BLADE #15 STERILE C/S (100PK),,,,,[INFERRED]
600-150-002,,SURGICAL BLADE #15C C/S STERILE (100PK),,,,,[INFERRED]
200-200-014,,"TCD TRAY COVER BTC ""8-1/4 X 12"" PINK (1000)",,,,,[INFERRED]
480-120-010,,TOPICAL GEL GRAPE (PEARSON),,,,,[INFERRED]
200-170-021,,VIVID GRIP TOUCH LATEX POWDER FREE GLOVES LARGE (100PK),,,,,[INFERRED]
200-170-022,,VIVID GRIP TOUCH LATEX POWDER FREE GLOVES MEDIUM (100PK),,,,,[INFERRED]
200-170-023,,VIVID GRIP TOUCH LATEX POWDER FREE GLOVES SMALL (100PK),,,,,[INFERRED]
100-150-006,,VIVID IRRIGATING SYRINGE 3CC W/27G YELLOW (100PK),,,,,[INFERRED]
200-140-008,,VIVID MICROFOAM TIP FINE/PINK (100PK),,,,,[INFERRED]
200-170-024,,VIVID NOVOTOUCH POWDER FREE LATEX LARGE (100PK),,,,,[INFERRED]
200-170-025,,VIVID NOVOTOUCH POWDER FREE LATEX MEDIUM (100PK),,,,,[INFERRED]
480-140-007,,VIVID PROBRUSH SCREW ON FLAT (100PK),,,,,[INFERRED]
580-130-012,,VIVID SANIPOUCH CLEAR 2 1/4 X 4 (200),,,,,[INFERRED]
200-200-025,,VIVID SANITRAY DIVIDED (7 X 11) DISPOSABLE TRAYS (50PK),,,,,[INFERRED]
200-140-010,,VIVID YELLOW INTRAORAL TIPS (100PK),,,,,[INFERRED]
280-110-012,,AIR GR. (ADAPT + EV+ FLITER) (91104755),,,,,[INFERRED]
280-110-031,,GR. MONITOR 19,,,,,[INFERRED]
480-110-001,,CORDLESS FREEDOM WATER FLOSSER,,,,,[INFERRED]
480-150-006,,GENERIC ORAL-B PRECISION CLEAN TB HEAD (4PK),,,,,[INFERRED]
420-110-022,,POLIGRIP SUPER ZINC (2.4oz),,,,,[INFERRED]
200-110-021,,STICKY WRAP BLUE 4 X 6 W/STAND (VIVID),,,,,[INFERRED]
480-140-004,,TRACE DISCLOSING TABLETS (250),,,,,[INFERRED]
480-110-026,,WATERPIK CORDLESS ADV. FLOSS WHITE,,,,,[INFERRED]
600-110-001,,ALVEOGYL,,,,,[INFERRED]
480-150-003,,COLGATE TOOTHBRUSH TRIPLE ACTION MEDIUM,,,,,[INFERRED]
380-160-012,,SPRINTRAY-ONX-TOUGH 2-A2-500G(SRI-0202124),,,,,[INFERRED]
520-210-001,,CAVIT NORMAL TUBE PACKS (10/PK),,,,,[INFERRED]
460-120-001,,DENTOMYCIN 2% W/W PERIODONTAL GEL (0.5G),,,,,[INFERRED]
520-150-002,,DYCAL IVORY REFILL PACK,,,,,[INFERRED]
600-120-001,,HEMOCOLLAGENE HAEMOSTATIC SPONGES,,,,,[INFERRED]
580-120-001,,AUTOCLAVE C-17,,,,,[INFERRED]
280-140-010,,BAMBI PUMP COIL (BPVT150),,,,,[INFERRED]
380-190-001,,BEAUTY PINK WAX MEDIUM 0.45KG (1LB),,,,,[INFERRED]
380-150-001,,Dental POP 25KG,,,,,[INFERRED]
140-120-004,,BIO-GIDE (25 x 25mm),,,,,[INFERRED]
260-200-002,,HYSOLATE LATEX DENTAL DAM GREEN MEDIUM 127 X 127 (52PK),,,,,[INFERRED]
260-180-010,,ROEKO PAPER POINT TOP COLOR ISO 20 (200PK),,,,,[INFERRED]
260-180-011,,ROEKO PAPER POINT TOP COLOR ISO 30 (200PK),,,,,[INFERRED]
380-120-019,,LC-PRIMER (10ML),,,,,[INFERRED]
200-230-001,,CLINELL UNIV. SANITIZING WIPES,,,,,[INFERRED]
380-150-002,,Dental Stone 25KG,,,,,[INFERRED]
360-130-002,,CUP JUNIOR SCREW NYLON BRUSH (50PK) (STODDARD),,,,,[INFERRED]
200-200-004,,DISPOSABLE LARGE TRAY (28 X 18.3 X 1.7CM) (50PK),,,,,[INFERRED]
420-110-019,,RETAINER BRITE,,,,,[INFERRED]
480-150-058,,TEPE TONGUE CLEANER,,,,,[INFERRED]
480-150-014,,ORAL-B IO SPECIALISED CLEAN TOOTHBRUSH HEADS (2 PACK),,,,,[INFERRED]
480-150-044,,ORAL-B KIDS ELECTRIC TOOTHBRUSH SPIDERMAN- VITALITY PRO,,,,,[INFERRED]
480-150-021,,ORAL-B PRO 3 - 3000 - CROSS ACTION BLACK ELECTRIC TOOTHBRUSH,,,,,[INFERRED]
480-150-022,,ORAL-B PRO 3 - 3000 - WHITE ELECTRIC TOOTHBRUSH WITH BONUS CASE,,,,,[INFERRED]
480-150-023,,ORAL-B PRO 3 - 3500 - BLACK ELECTRIC TOOTHBRUSH WITH BONUS CASE,,,,,[INFERRED]
480-110-011,,ORAL-B PRO EXPERT DEEP CLEAN FLOSSING TAPE 50M WHITE,,,,,[INFERRED]
480-130-004,,ORAL-B PRO-EXPERT PROFESSIONAL PROTECTION MOUTHWASH 500ML,,,,,[INFERRED]
420-110-021,,POLIGRIP ORIGINAL CREAM 2.4oz,,,,,[INFERRED]
280-110-050,,"PRESSURE REGULATOR ""C""",,,,,[INFERRED]
200-170-014,,SUPERGRIP LATEX POWDER FREE EXAM GLOVES MEDIUM,,,,,[INFERRED]
200-170-017,,UNIGLOVES KOOLTOUCH MEDICAL NITRILE P/FREE BLUE GLOVES LARGE (LATEX FREE),,,,,[INFERRED]
480-110-024,,TEPE MINI FLOSSER (36/PK),,,,,[INFERRED]
520-160-021,,TOOTHFAIRY BPA-FREE PIT & FISSURE SEALANT,,,,,[INFERRED]
280-110-070,,"UNI JET 75 230V-50 D.30 PLAST. FAN, W/O BASE, WITH LONG TUBE (VACUUM MOTOR SPARE PART)",,,,,[INFERRED]
200-170-018,,UNIGLOVES KOOLTOUCH MEDICAL NITRILE P/FREE BLUE GLOVES MEDIUM (LATEX FREE),,,,,[INFERRED]
200-230-002,,CLEANCIDE WIPES (80/PK),,,,,[INFERRED]
480-150-004,,COLGATE TOOTHBRUSH ULTRASOFT,,,,,[INFERRED]
560-120-017,,REPAIR OF WATER DISTILLER,,,,,[INFERRED]
280-150-008,,USB PC CABLE-CEFLA 1.8 MT,,,,,[INFERRED]
280-120-022,,TURBINE MODULE GROUP,,,,,[INFERRED]
560-120-011,,REPAIR CHARGE- MOTOR FOR AE-225-30 (260-028-425),,,,,[INFERRED]
560-130-007,,DELIVERY FEES,,,,,[INFERRED]
560-120-002,,CALL-OUT FEES,,,,,[INFERRED]
560-130-011,,PURCHASE OF SWITCH FOR THE AUTOCLAVE,,,,,[INFERRED]
560-120-022,,SWAPPING OF FOOT PEDAL,,,,,[INFERRED]
560-120-019,,REPAIR OF WATER LEAKAGE IN SURGERY 3'S CHAIR CONSOLE,,,,,[INFERRED]
560-120-005,,FIXING OF AUTOCLAVE FAULTY POWER SWITCH,,,,,[INFERRED]
560-120-008,,FIXING OF SURGERY 1 DENTAL UNIT COLSOLE PNEUMATIC SYSTEM LEAKAGE,,,,,[INFERRED]
560-120-009,,GENERAL SERVICING OF DENTAL UNIT,,,,,[INFERRED]
620-110-002,,INTRODUCTION TO IMPLANTOLOGY WITH HANDS-ON TRAINING- PHYSICAL (VAT INCLUSIVE),,,,,[INFERRED]
620-110-001,,INTRODUCTION TO IMPLANTOLOGY TRAINING- ONLINE (VAT INCLUSIVE),,,,,[INFERRED]
560-120-003,,CLEARING OF ANTHOS AUTOCLAVE DISPLAY ERROR & SERVICING OF PNEUMATIC SYSTEM,,,,,[INFERRED]
560-120-007,,FIXING OF DAMAGED DENTIST CHAIR,,,,,[INFERRED]
560-120-004,,"COST OF SHIPPING FAULTY IMPLANTOR CABLE VIA FEDEX TO Bicon, USA",,,,,[INFERRED]
560-120-016,,REPAIR OF TWO FAST HAND PIECES,,,,,[INFERRED]
560-120-006,,FIXING OF COMPRESSOR,,,,,[INFERRED]
560-120-018,,SPARE PART FOR THEREPAIR OF WATER DISTILLER,,,,,[INFERRED]
560-130-004,,LABOR,,,,,[INFERRED]
560-120-010,,REPAIR CHARGE FOR MOTOR FOR AE-225-30,,,,,[INFERRED]
560-110-001,,"IMPLANT PROCEDURE D112: A DOCTOR, TWO IMPLANTS, TWO PERMANENT ABUTMENTS, TWO CROWNS & LOANING OF AN IMPLANT KIT",,,,,[INFERRED]
560-120-013,,REPAIR OF FAULTY HANDPIECE,,,,,[INFERRED]
560-120-023,,RETURN OF TWO FAULTY ZEN-X GROUPS TO CEFLA IN ITALY,,,,,[INFERRED]
560-130-008,,MIGRATION OF INVENTORY FROM DEAR SYSTEMS TO ZOHO ACCOUNTS,,,,,[INFERRED]
560-130-003,,COMPLETE MIGRATION OF DATA FROM DEAR INVENTORY TO ZOHO INVENTORY,,,,,[INFERRED]
560-130-013,,RENEWAL OF SERVICE CONTRACT AGREEMENT FOR 45KVA GENERATOR,,,,,[INFERRED]
280-110-017,,CENTRALIZED EV COMPLETE GR.,,,,,[INFERRED]
280-110-028,,EV 2 DISTRIBUTOR SMALL BLOCK,,,,,[INFERRED]
280-150-007,,TINY HYDRIC BOARD 2013,,,,,[INFERRED]
280-110-022,,DOCTOR PANEL CONSOLE,,,,,[INFERRED]
560-130-010,,PURCHASE OF ADHESIVE BALL JOINT ATTACHMENT,,,,,[INFERRED]
560-130-009,,PURCHASE OF ADDITIONAL 35MM LENS UHD,,,,,[INFERRED]
560-130-005,,CUSTOM AND CLEARING CHARGES,,,,,[INFERRED]
320-170-002,,UNIVERSAL ABUTMENT UA4 SP 15 DEGREES- 2.5MM TALL POST,,,,,[INFERRED]
320-170-001,,UNIVERSAL ABUTMENT UA4 SP 0 DEGREES- 2.5MM TALL POST,,,,,[INFERRED]
300-130-002,,"SUPPORT DESIGN STOOL, STANDARD VINYL, HIGH SEAT(60-86cm) COLOUR: DEEP SEA(17-48)",,,,,[INFERRED]
280-110-024,,ELECTRODE ASSORTED SET (7) BLUE,,,,,[INFERRED]
100-130-001,,CARBOCAINE 3% PLAIN MEPIVACAINE (50/PK),,,,,[INFERRED]
520-170-011,,"MUSLIN BUFF WHITE 4"" X 50 PLY",,,,,[INFERRED]
520-170-013,,"MUSLIN BUFF WHITE 6"" X 50 PLY",,,,,[INFERRED]
200-200-024,,VIVID MONOTRAY DISP. TRAYS WHITE (100/PK),,,,,[INFERRED]
480-140-008,,PROPHY MATE NEO (CONNECTS TO NSK SWVL),,,,,[INFERRED]
280-140-021,,WESTBEND SINGLE ELECTRONIC TIMER,,,,,[INFERRED]
480-140-001,,DUO-TONE DISCLOSING TABLET (250/PK),,,,,[INFERRED]
380-160-020,,VIVID IMAGE PUTTY MINT R/S (600MG),,,,,[INFERRED]
380-160-019,,VIVID FLAVORMATCH BERRY R/S LIGHT BODY (4/PK),,,,,[INFERRED]
520-160-028,,VIVID NANOFIL UNIV. SYRINGE A1 (4GM),,,,,[INFERRED]
380-160-018,,VIVID ELEGANCE VPS LIGHT RS (2 X 50ML),,,,,[INFERRED]
360-120-009,,VIVID MIRRORBRITE 1QT. (32 oz) BOTTLE,,,,,[INFERRED]
500-110-006,,INSTA-DENT INSTANT DEV. & FIXER,,,,,[INFERRED]
380-110-034,,VIVID XTRUDEZE-1 DISP. GUN 1:1,,,,,[INFERRED]
380-110-033,,VIVID WINGMIX TIPS YELLOW 4.2MM (48/PK),,,,,[INFERRED]
480-140-003,,PROPHY BRUSH RA LATCH STYLE WHITE (12PK),,,,,[INFERRED]
480-160-002,,SENSODYNE RAPID ACTION,,,,,[INFERRED]
560-110-002,,"IMPLANT PROCEDURE D113: A DOCTOR, THREE IMPLANTS, THREE PERMANENT ABUTMENTS, THREE CROWNS & LOANING OF AN IMPLANT KIT",,,,,[INFERRED]
340-190-089,,TOOTH FORCEPS N.1 (2500/1),,,,,[INFERRED]
340-190-111,,TOOTH FORCEPS PEDO N.123 (2500/123),,,,,[INFERRED]
340-190-095,,TOOTH FORCEPS N.187 (2500/187),,,,,[INFERRED]
340-190-097,,TOOTH FORCEPS N.23 (2500/23),,,,,[INFERRED]
340-190-098,,TOOTH FORCEPS N.24 (2500/24),,,,,[INFERRED]
340-190-099,,TOOTH FORCEPS N.33 (2500/33),,,,,[INFERRED]
340-190-103,,TOOTH FORCEPS N.73 (2500/73),,,,,[INFERRED]
340-190-094,,TOOTH FORCEPS N.18 (2500/18),,,,,[INFERRED]
340-190-093,,TOOTH FORCEPS N.17 (2500/17),,,,,[INFERRED]
340-190-102,,TOOTH FORCEPS N.7 (2500/7),,,,,[INFERRED]
340-140-004,,KIT WAX AND MODEL INSTRUMENTS,,,,,[INFERRED]
420-120-002,,PLIER CENTURY ADERER LONG,,,,,[INFERRED]
340-180-011,,FILLING INSTRUMENT OT2 (500/2),,,,,[INFERRED]
340-180-012,,FILLING INSTRUMENT OT3 (500/3),,,,,[INFERRED]
200-190-001,,BIB HOLDER (10PCS) (6210),,,,,[INFERRED]
340-190-050,,ROOT ELEVATOR COUPLAND 3MM (798/1),,,,,[INFERRED]
340-190-049,,ROOT ELEVATOR COUPLAND 3.6MM (798/2),,,,,[INFERRED]
340-190-070,,ROOT ELEVATOR SELDIN LEFT (720/23),,,,,[INFERRED]
340-190-071,,ROOT ELEVATOR SELDIN RIGHT (720/22),,,,,[INFERRED]
400-140-003,,DRINKING CUP DISPENSER WHITE (6161/W),,,,,[INFERRED]
340-190-020,,EXCAVATOR SPOON 17 (664/17),,,,,[INFERRED]
340-170-008,,PROBE DOUBLE CP15/23,,,,,[INFERRED]
380-190-002,,WAX KNIVES FAHNENSTOCK 180MM,,,,,[INFERRED]
340-190-040,,PLASTER SHEAR (4559),,,,,[INFERRED]
100-150-005,,SYRINGE INTRALIGAMENTAL 1.8ML,,,,,[INFERRED]
340-140-005,,WAX AND MODELLING INSTRUMENT ZAHLE 120MM (591),,,,,[INFERRED]
340-140-006,,WAX AND MODELLING INSTRUMENT ZAHLE 130MM (592),,,,,[INFERRED]
340-190-042,,PLIER CENTURY ANGLE N. 138 TC (3000/86 TC),,,,,[INFERRED]
340-120-001,,MIRROR HANDLE LIGHT MILLIMETER (4902/MM),,,,,[INFERRED]
380-110-027,,SPATULA FOR ALGINATE (209),,,,,[INFERRED]
340-170-010,,PROBE DOUBLE WHO/CP12 (563/2),,,,,[INFERRED]
420-110-002,,EXPANDERS SOFT- SMALL (4916/6),,,,,[INFERRED]
420-110-003,,EXPANDERS SOFT- STANDARD (4916/7),,,,,[INFERRED]
340-190-055,,ROOT ELEVATOR CRYER 9MM RIGHT MAESTRALE (720/28S.SL),,,,,[INFERRED]
340-190-054,,ROOT ELEVATOR CRYER 15MM RIGHT (720/28),,,,,[INFERRED]
340-190-058,,ROOT ELEVATOR LINDO-LEVIAN 2.5MM MAESTRALE (725/1.SL),,,,,[INFERRED]
340-190-059,,ROOT ELEVATOR LINDO-LEVIAN 3MM MAESTRALE (725/2.SL),,,,,[INFERRED]
340-190-060,,ROOT ELEVATOR LINDO-LEVIAN 4MM MAESTRALE (725/3.SL),,,,,[INFERRED]
340-190-045,,ROOT ELEVATOR 2MM MAESTRALE (726/1S. SL),,,,,[INFERRED]
280-140-007,,COMPRESSOR AIR FILTER (DOUBLE),,,,,[INFERRED]
340-190-044,,ROOT ELEVATOR 2.5MM MAESTRALE (726/2S. SL),,,,,[INFERRED]
340-190-046,,ROOT ELEVATOR 3MM MAESTRALE (726/3S. SL),,,,,[INFERRED]
340-190-064,,ROOT ELEVATOR LUSSATORE 3MM (730/3S),,,,,[INFERRED]
280-150-004,,ITERO LUMINA MOBILE CONFIGURATION,,,,,[INFERRED]
560-130-001,,CLEARING CHARGES,,,,,[INFERRED]
560-120-020,,REPLACEMENT OF X-RAY SWITCH,,,,,[INFERRED]
480-120-001,,DURAPHAT CPL 10ML/PK VARNISH,,,,,[INFERRED]
380-160-013,,PRESIDENT THE ORIGINAL PUTTY SOFT (2 X 300ML),,,,,[INFERRED]
380-160-011,,PRESIDENT THE ORIGINAL LIGHT BODY (2 X 50ML),,,,,[INFERRED]
280-110-020,,BIG SIZE COMPLETE TERMINAL (91109166),,,,,[INFERRED]
280-110-061,,SMALL SIZE COMPLETE TERMINAL (91109167),,,,,[INFERRED]
340-170-018,,SCALER MOD. GR. EV H20 2W (91109500),,,,,[INFERRED]
420-110-012,,RETAINER CASE- PHILIPS ZOOM,,,,,[INFERRED]
480-150-013,,ORAL-B CROSS ACTION WHITE TOOTHBRUSH HEAD- PACK OF 2 COUNTS,,,,,[INFERRED]
480-150-012,,ORAL-B CROSS ACTION BLACK TOOTHBRUSH HEAD- PACK OF 2 COUNTS,,,,,[INFERRED]
480-150-020,,ORAL-B PRECISION CLEAN WHITE TOOTHBRUSH HEAD- PACK OF 2 COUNTS,,,,,[INFERRED]
480-150-015,,ORAL-B iO ULTIMATE CLEAN BLACK TOOTHBRUSH HEADS- PACK OF 2 COUNTS,,,,,[INFERRED]
480-150-018,,ORAL-B iO2 NIGHT BLACK ELECTRIC TOOTHBRUSH + TRAVEL CASE,,,,,[INFERRED]
480-150-016,,ORAL-B iO ULTIMATE CLEAN TOOTHBRUSH HEADS- PACK OF 2 COUNTS,,,,,[INFERRED]
480-150-017,,ORAL-B iO2 FOREST GREEN ELECTRIC TOOTHBRUSH + TRAVEL CASE,,,,,[INFERRED]
480-150-019,,ORAL-B iO2 WHITE ELECTRIC TOOTHBRUSH + TRAVEL CASE,,,,,[INFERRED]
400-140-002,,COMPUTER (HP ProOne 240 G10),,,,,[INFERRED]
560-120-001,,"AC BRACKET, OUTDOOR UNIT",,,,,[INFERRED]
560-130-006,,LG SPLIT 1.5HP GEN CCOL-B,,,,,[INFERRED]
560-130-012,,R410: 1HP & 1.5HP/R22:1HP,,,,,[INFERRED]
520-160-020,,PERMAFLO PINK- LIGHT-CURE COMPOSITE FOR GUM MASKING (2 X 1.2ML) SYRINGE,,,,,[INFERRED]
440-120-001,,CHILDRENS DENTAL ACTIVITY FUN BOOK,,,,,[INFERRED]
340-130-003,,4 SERIES SULCUS FORMER,,,,,[INFERRED]
320-150-005,,3.0MM DIGITAL IMPLANT ANALOG KIT,,,,,[INFERRED]
320-120-001,,3.0MM TITANIUM IMPRESSION POST & SLEEVE,,,,,[INFERRED]
560-120-014,,REPAIR OF HANDPIECE WATER DISPENSER LEAKAGE,,,,,[INFERRED]
560-120-015,,REPAIR OF ROTOR FOR HANDPIECE,,,,,[INFERRED]
560-110-005,,LOANING OF Bicon IMPLANT KIT,,,,,[INFERRED]
560-130-002,,DOCTOR'S SUPERVISION FEE,,,,,[INFERRED]
500-110-005,,DENTAL MAT DEVELOPER & FIXER (500ML),,,,,[INFERRED]
200-110-011,,PROTECTIVE EYE GOOGLE- GREEN,,,,,[INFERRED]
200-110-012,,PROTECTIVE GOOGLE- RED,,,,,[INFERRED]
340-170-026,,UNODENT SCALER TIPS NP3 N53,,,,,[INFERRED]
260-150-003,,FALCON K-FILES #40 (25MM),,,,,[INFERRED]
420-110-011,,SCREW WIRETENTION BORE #1006C14,,,,,[INFERRED]
280-140-008,,BAMBI COMPRESSOR VT75 OIL FREE LOW NOISE 0.75HP 24L RECEIVER (SINGLE SURGERY),,,,,[INFERRED]
280-140-005,,BAMBI COMPREESOR VT150 OIL FREE ULTRA LOW NOISE 1.5HP 50L RECEIVER (2-3 SURGERIES),,,,,[INFERRED]
400-130-015,,PIECE OF STAMP,,,,,[INFERRED]
400-130-014,,PIECE OF I.D. CARD WITH CLIP AND HOLDER,,,,,[INFERRED]
340-190-066,,ROOT ELEVATOR LUSSATORE 4MM (STRAIGHT),,,,,[INFERRED]
280-140-014,,BPB1002A START RELAY TYPE,,,,,[INFERRED]
360-120-004,,ISO-PROPHYL ALCOHOL,,,,,[INFERRED]
320-120-007,,4.5*6.0MM BRASS IMPLANT 3.0MM,,,,,[INFERRED]
400-120-005,,PRODUCT CATALOG,,,,,[INFERRED]
320-120-024,,3.0MM IMPRESSION KIT,,,,,[INFERRED]
320-120-023,,2.5MM IMPRESSION KIT,,,,,[INFERRED]
560-120-012,,REPAIR CHARGES,,,,,[INFERRED]
480-150-057,,TEPE ANGLE INTERDENTAL BRUSH ASSORTED (6/PK),,,,,[INFERRED]
340-190-121,,UNIROSE PERITOME PT2 SILICONE HANDLE ANTERIOR ORANGE,,,,,[INFERRED]
420-110-025,,FIXODENT PLUS UNBEATABLE BITE 40G,,,,,[INFERRED]
380-160-016,,UNODENT IMPREP 2 AC IMPRESSION MATERIAL WASH- NORMAL SET- LIGHT BODY (CORAL) (2 X 50ML),,,,,[INFERRED]
380-160-015,,UNODENT IMPREP 2 AC IMPRESSION MATERIAL PUTTY- SOFT NORMAL SET (GREEN) (2 X 300ML),,,,,[INFERRED]
580-130-008,,UNODENT STERILISATION POUCHES 250 X 370MM (9.8 x 14.6) (200PK),,,,,[INFERRED]
340-110-058,,UNODENT LARGE CODE RINGS ORANGE,,,,,[INFERRED]
340-190-025,,EXTRACTION FORCEPS AUTOCLAVABLE MOLARS UPPER/LOWER (UNODENT),,,,,[INFERRED]
580-130-009,,UNODENT STERILISATION POUCHES 57 X 95MM (2.25 x 3.7) (200/PK),,,,,[INFERRED]
580-130-010,,UNODENT STERILISATION POUCHES 70 X 230MM (2.75 x 9) (200/PK),,,,,[INFERRED]
480-150-049,,TEPE DAILY TOOTHPASTE 75ML KIDS,,,,,[INFERRED]
280-110-027,,EURONDA MONOART SALIVA EJECTORS CLEAR DIAMETER 6.5MM LENGTH 12.5CM,,,,,[INFERRED]
480-150-031,,COLGATE KIDS BATTERY TOOTHBRUSH SPIDER MAN,,,,,[INFERRED]
480-150-030,,COLGATE KIDS BATTERY TOOTHBRUSH MINIONS,,,,,[INFERRED]
520-210-002,,3M CAVIT PINK- TEMPORARY FILLING MATERIAL TUBES (10 X 7G),,,,,[INFERRED]
500-110-001,,CARESTREAM DENTAL READYMATIC DEVELOPER & REPLENISHER (5LTRS),,,,,[INFERRED]
500-110-002,,CARESTREAM DENTAL READYMATIC FIXER & REPLENISHER (5LTRS),,,,,[INFERRED]
520-160-031,,UNODENT UNOCORE DC CORE BUILD UP (10G),,,,,[INFERRED]
480-150-041,,ORAL-B CARS/PRINCESS TOOTHBRUSH (3-5 YEAR),,,,,[INFERRED]
200-110-016,,"UNODENT WRAP AROUND BLUE FILM (1,200/ROLL)",,,,,[INFERRED]
360-120-002,,ALPROJET DD CONCENTRATE,,,,,[INFERRED]
280-110-056,,SECTIONAL UNIDIRECTIONAL SCREWS,,,,,[INFERRED]
420-110-004,,EXPANSION SCREWS- MAXI 7.5MM,,,,,[INFERRED]
420-110-005,,EXPANSION SCREWS- MEDIUM 7.5MM,,,,,[INFERRED]
420-110-007,,EXPANSION SCREWS- Mini 6.5MM,,,,,[INFERRED]
340-190-052,,ROOT ELEVATOR CRYER 12MM LEFT,,,,,[INFERRED]
280-130-009,,WET AND DRY MILLING MACHINE FOR W5,,,,,[INFERRED]
280-140-004,,CHILLER FOR W5,,,,,[INFERRED]
300-110-001,,BASE CABINET FOR W5,,,,,[INFERRED]
280-140-003,,AIR COMPRESSOR (YY-1500*2-100),,,,,[INFERRED]
280-140-020,,VACUUM CLEANER (V9),,,,,[INFERRED]
280-150-001,,CAM SOFTWARE (MILLBOX-W5-EXP),,,,,[INFERRED]
280-130-007,,SINTERING FURNACE (S7/SiC-J),,,,,[INFERRED]
380-110-029,,STAIN & GLAZE (DILUTING LIQUID),,,,,[INFERRED]
380-110-028,,STAIN & GLAZE (AESTHETICS KIT),,,,,[INFERRED]
380-110-030,,STAIN & GLAZE (GUM KIT),,,,,[INFERRED]
380-122-002,,"ZIRCONIA BLOCK (3D PRO, 98*18MM, A1)",,,,,[INFERRED]
380-122-001,,"ZIRCONIA BLOCK (3D PRO, 98*14MM, A2)",,,,,[INFERRED]
380-122-009,,"ZIRCONIA BLOCK (ST-ML, 98*18MM, A2)",,,,,[INFERRED]
280-110-041,,NO SECT TUB. L1400 C-U2 HD ASS (97230472),,,,,[INFERRED]
380-122-003,,"ZIRCONIA BLOCK (3D PRO, 98*18MM, A3)",,,,,[INFERRED]
380-122-007,,"ZIRCONIA BLOCK (ST-ML, 98*16MM, A3)",,,,,[INFERRED]
380-122-011,,"ZIRCONIA BLOCK (ST-ML, 98*18MM, A4)",,,,,[INFERRED]
380-122-004,,"ZIRCONIA BLOCK (3D PRO, 98*18MM, A3.5)",,,,,[INFERRED]
380-122-010,,"ZIRCONIA BLOCK (ST-ML, 98*18MM, A3.5)",,,,,[INFERRED]
380-122-005,,"ZIRCONIA BLOCK (3D PRO, 98*18MM, B1)",,,,,[INFERRED]
380-122-012,,"ZIRCONIA BLOCK (ST-ML, 98*18MM, C1)",,,,,[INFERRED]
380-122-006,,"ZIRCONIA BLOCK (3D PRO, 98*18MM, D3)",,,,,[INFERRED]
380-122-008,,"ZIRCONIA BLOCK (ST-ML, 98*16MM, D3)",,,,,[INFERRED]
380-122-013,,"ZIRCONIA BLOCK (ST-ML, 98*18MM, D3)",,,,,[INFERRED]
380-122-014,,"ZIRCONIA BLOCK (ST-WHITE, 98*18MM)",,,,,[INFERRED]
280-140-018,,ULTIMATE XL BENCH TOP TORQUE,,,,,[INFERRED]
380-110-048,,BOIL OUT SOLUTION (GALLON),,,,,[INFERRED]
380-160-017,,VIVID ELEGANCE PUTTY REGULAR SET,,,,,[INFERRED]
280-130-008,,VACUUM FORMER MACHINE,,,,,[INFERRED]
280-110-058,,SENSIMATIC ELECTROSURGE D700SE,,,,,[INFERRED]
520-160-001,,ACTIVA TIP AUTOMIX + LONG INTRAORAL (20),,,,,[INFERRED]
380-160-014,,TROPICALGIN ALGINATE FAST SET,,,,,[INFERRED]
560-110-003,,"IMPLANT PROCEDURE D114: A DOCTOR, TWO CROWNS & LOANING OF AN IMPLANT KIT",,,,,[INFERRED]
280-140-006,,BAMBI COMPRESSOR VT150 OIL FREE LOW NOISE 1.5HP 50 LITRE RECEIVER (2-3 SURGERIES),,,,,[INFERRED]
560-110-004,,"IMPLANT PROCEDURE D115: A DOCTOR, ONE CROWN & LOANING OF AN IMPLANT KIT",,,,,[INFERRED]
280-110-075,,PIEZO 6 CASTELLINI SCALER (E) (95529098),,,,,[INFERRED]
